N,P,K,temperature,humidity,ph,rainfall,label
72,46,32,33.96,75.3,8.93,119.66,cotton
91,94,64,10.77,65.75,7.07,149.1,maize
6,25,40,25.88,41.22,4.96,227.74,barley
48,100,130,32.01,81.41,6.16,123.1,barley
23,96,48,10.01,71.95,7.87,77.24,rice
21,79,62,41.48,69.93,5.52,299.97,cotton
108,3,125,22.46,84.27,8.2,223.31,millet
71,31,46,15.87,74.47,5.08,161.59,groundnut
45,124,10,42.67,81.49,5.25,162.46,sugarcane
37,13,94,44.08,66.58,5.26,291.22,cotton
128,10,103,33.71,40.65,6.54,155.0,wheat
70,0,38,29.06,55.03,6.18,154.38,millet
76,83,56,10.82,63.52,8.07,262.7,groundnut
73,102,18,44.93,54.87,7.59,145.78,millet
103,80,73,20.25,33.36,6.68,92.26,millet
102,19,83,33.76,83.55,4.88,284.15,cotton
57,96,111,41.05,72.94,6.87,252.39,barley
102,66,55,34.06,23.03,6.2,209.17,groundnut
35,121,42,31.72,33.44,4.42,184.83,barley
26,71,16,12.61,49.16,8.17,46.08,maize
122,52,125,25.36,45.17,5.96,196.38,groundnut
136,76,45,34.48,21.01,6.67,140.34,wheat
93,5,92,17.08,12.67,7.44,134.61,wheat
17,5,5,22.07,40.78,7.01,157.35,groundnut
56,109,123,26.74,40.88,5.78,102.24,barley
61,119,6,17.55,38.2,4.85,196.46,sugarcane
60,106,78,34.2,71.07,8.14,28.81,wheat
1,82,81,44.18,50.02,6.5,211.78,wheat
54,109,66,35.47,40.62,7.43,86.24,wheat
18,32,127,42.29,13.05,7.24,210.72,groundnut
97,95,111,22.64,77.97,6.83,20.08,millet
89,137,10,33.12,54.82,7.55,238.02,sugarcane
118,52,113,20.16,54.4,8.12,255.19,barley
8,49,113,37.65,34.17,7.99,269.26,cotton
50,72,110,22.19,44.46,7.54,87.51,millet
83,65,69,10.45,71.0,8.57,278.02,groundnut
116,65,93,38.69,47.07,6.41,104.63,maize
80,76,51,19.8,72.72,8.09,190.5,groundnut
120,125,129,28.17,14.24,7.37,72.36,rice
58,35,148,21.32,44.92,7.17,51.78,groundnut
51,84,144,41.45,66.88,6.17,238.44,maize
103,59,9,21.96,49.03,8.76,274.54,rice
69,136,101,29.03,63.54,4.54,230.32,rice
117,104,33,19.49,36.8,4.81,277.25,millet
121,43,102,12.38,76.27,7.26,26.32,barley
64,105,133,40.28,47.2,4.11,177.68,millet
65,135,60,14.94,30.34,7.55,93.45,groundnut
84,4,61,42.97,73.87,4.36,164.31,sugarcane
130,150,21,41.23,55.99,7.64,238.13,groundnut
117,119,0,35.58,65.86,8.36,256.08,groundnut
116,114,25,14.32,77.75,6.7,145.37,sugarcane
38,17,134,28.35,24.05,7.72,97.3,millet
136,23,84,41.54,37.15,6.82,291.29,millet
2,130,88,36.74,41.45,6.75,165.25,sugarcane
94,46,13,13.5,23.18,4.63,57.0,millet
30,29,86,13.25,31.09,8.48,127.58,maize
132,138,14,36.89,44.4,7.47,145.77,sugarcane
64,62,13,33.16,83.29,5.9,76.08,cotton
56,123,8,11.19,16.65,7.63,179.13,millet
105,127,98,42.45,46.99,7.7,75.29,maize
112,133,136,18.35,28.07,7.08,49.82,wheat
77,78,136,38.69,73.11,6.57,184.43,barley
125,85,65,18.62,89.94,6.47,184.0,cotton
39,6,2,39.4,64.95,4.33,202.41,maize
79,114,9,33.67,69.75,7.1,27.98,rice
137,36,50,15.22,21.96,4.17,32.35,cotton
108,134,8,22.56,34.65,7.88,76.7,wheat
97,113,70,40.15,19.86,4.32,272.89,rice
12,31,58,29.62,56.64,4.53,212.03,sugarcane
128,26,119,32.23,32.03,4.56,64.87,rice
126,22,74,23.32,11.28,5.37,118.51,maize
0,67,121,34.5,32.39,4.86,23.94,maize
80,60,90,31.48,61.97,7.06,83.81,sugarcane
6,129,144,23.58,40.0,7.04,141.19,millet
55,32,147,12.4,75.27,5.9,128.6,cotton
106,8,42,22.25,81.77,7.31,280.52,barley
130,51,130,18.92,41.27,5.7,23.44,cotton
97,43,58,15.38,11.04,5.68,115.11,sugarcane
63,34,93,41.81,59.1,6.18,49.81,maize
118,82,87,37.08,49.22,4.7,192.14,rice
79,96,76,44.66,26.53,8.12,243.31,groundnut
115,8,54,21.67,72.54,7.17,194.35,millet
73,139,2,23.39,63.37,7.5,42.38,cotton
126,1,17,27.45,75.72,6.71,259.16,maize
119,112,119,32.69,28.57,5.54,113.38,wheat
72,82,84,14.76,67.42,8.92,108.61,barley
49,130,107,41.11,51.45,7.75,80.37,millet
97,124,72,17.92,34.42,4.41,250.04,maize
128,129,3,36.57,42.63,7.29,290.09,groundnut
97,107,128,13.3,81.73,7.61,83.77,rice
75,118,136,24.65,65.02,6.39,208.73,barley
49,45,138,29.61,80.83,7.07,186.31,wheat
62,138,19,43.71,76.69,5.21,296.01,rice
101,88,39,42.72,32.07,7.43,34.38,cotton
70,148,19,26.19,27.63,5.61,280.75,cotton
135,134,104,11.11,46.85,8.65,151.43,maize
28,68,139,30.77,33.16,8.37,248.91,maize
55,0,127,18.37,73.67,5.38,76.38,maize
43,132,75,29.48,71.04,5.55,249.04,sugarcane
109,114,80,35.83,66.95,8.0,256.47,millet
51,144,1,10.42,79.09,8.37,161.35,cotton
87,148,3,37.46,13.17,5.1,253.45,sugarcane
71,138,134,35.88,67.9,6.56,243.24,cotton
109,100,55,11.62,40.48,8.87,270.68,cotton
95,135,55,23.52,26.88,7.61,238.61,wheat
98,81,79,32.55,34.72,6.34,48.86,groundnut
140,32,94,33.27,70.15,7.73,61.97,groundnut
135,134,35,22.09,37.15,7.08,183.5,sugarcane
130,115,13,10.44,13.46,5.48,197.99,sugarcane
36,83,120,11.82,62.39,6.87,59.8,millet
50,110,17,23.33,34.14,8.39,83.81,maize
29,88,48,30.4,81.33,4.52,259.47,groundnut
110,147,122,17.44,58.88,7.03,214.63,cotton
90,26,1,14.75,73.91,5.49,52.89,cotton
8,1,138,43.97,67.83,4.61,244.25,sugarcane
20,82,37,26.0,30.09,6.41,281.3,barley
128,5,141,35.27,41.7,5.71,175.24,barley
29,8,131,44.51,34.07,8.07,247.62,groundnut
97,14,111,14.8,16.32,7.46,156.08,millet
0,129,3,23.37,88.78,6.08,93.17,wheat
87,25,58,32.47,19.84,4.1,88.25,millet
17,17,150,18.85,32.16,8.07,218.14,cotton
0,38,65,11.74,72.22,4.76,272.04,wheat
100,118,74,23.48,48.66,5.12,243.38,barley
112,35,96,10.23,74.16,4.73,153.27,wheat
72,116,10,41.41,22.03,6.12,280.72,cotton
113,18,63,41.81,74.78,5.46,256.71,maize
141,96,13,32.46,41.89,4.61,67.11,maize
38,121,48,24.78,52.53,7.65,26.16,sugarcane
142,49,24,32.15,11.6,5.01,107.67,barley
45,139,0,24.9,65.85,8.4,92.05,sugarcane
33,73,150,20.98,51.66,4.93,194.07,rice
62,110,144,15.7,64.77,5.25,271.36,wheat
1,7,135,29.43,17.46,8.32,256.9,barley
46,80,146,43.26,34.77,7.0,269.82,groundnut
47,93,32,43.06,32.29,4.89,53.28,rice
35,97,134,29.51,32.72,5.39,133.7,maize
136,60,148,28.73,47.68,4.78,56.34,cotton
25,85,45,38.68,40.12,5.29,137.08,maize
43,87,80,38.07,13.55,8.41,171.47,sugarcane
28,88,77,40.53,43.48,4.45,119.33,cotton
67,33,101,17.14,41.2,5.71,95.63,millet
89,70,13,40.04,41.37,4.34,252.78,maize
12,90,143,34.79,50.78,8.46,89.79,sugarcane
48,34,19,43.95,34.79,6.32,202.48,cotton
141,114,111,25.42,13.57,8.11,172.43,barley
146,53,116,17.06,78.91,8.84,117.21,cotton
70,65,31,15.98,51.6,8.29,214.77,groundnut
98,57,106,33.0,62.28,6.6,91.23,rice
94,80,21,27.24,27.47,6.6,181.92,wheat
15,125,150,44.47,27.49,8.49,112.8,wheat
59,66,81,11.61,76.42,7.41,70.44,millet
124,73,51,30.42,75.02,7.45,254.36,maize
148,78,14,22.01,26.96,4.04,284.78,millet
136,130,17,15.21,48.08,6.36,201.17,millet
2,139,5,20.61,27.12,7.65,48.62,rice
27,92,54,10.78,87.35,7.6,290.06,rice
82,20,99,23.66,79.74,8.51,150.84,groundnut
137,11,101,33.4,76.96,7.85,54.1,rice
51,98,40,16.76,79.28,6.78,28.77,groundnut
40,114,36,24.52,74.11,5.56,193.37,cotton
19,80,32,14.57,22.33,4.02,138.64,rice
78,103,109,33.39,66.07,5.13,202.88,groundnut
102,126,50,28.11,46.26,8.01,260.73,maize
29,124,40,30.87,50.58,6.29,42.46,cotton
1,53,4,43.12,51.94,6.19,118.53,groundnut
77,126,127,39.53,63.53,5.27,57.13,sugarcane
109,94,32,21.71,75.58,7.74,129.51,millet
41,49,24,29.29,23.8,5.88,57.74,sugarcane
114,123,0,41.51,85.08,4.46,48.26,rice
82,64,41,12.07,56.1,8.71,196.75,millet
147,123,40,35.58,30.03,7.61,146.73,groundnut
105,142,93,27.34,71.53,8.22,96.07,groundnut
53,66,59,29.02,33.65,4.29,166.85,sugarcane
23,3,36,22.3,60.51,5.72,163.37,sugarcane
43,17,142,24.73,64.81,6.22,150.23,barley
123,46,62,40.13,77.42,8.56,115.81,wheat
99,64,107,29.85,29.14,4.77,33.52,millet
71,13,123,27.39,68.75,7.41,122.42,rice
150,118,60,23.51,32.09,8.13,294.85,barley
138,31,22,28.13,32.45,8.07,224.56,groundnut
72,0,129,28.85,34.69,5.96,128.23,sugarcane
147,55,30,36.17,61.35,5.14,103.67,maize
39,120,122,34.93,34.43,4.04,264.05,cotton
114,144,2,22.14,54.44,6.74,114.92,barley
51,124,107,40.0,18.53,4.08,68.24,sugarcane
5,21,95,37.21,27.72,5.76,139.86,sugarcane
135,132,52,25.53,35.76,5.18,69.37,cotton
87,93,76,44.63,45.58,5.46,284.58,cotton
68,2,94,36.8,14.6,4.8,24.22,rice
147,96,53,22.42,73.11,5.16,99.91,sugarcane
36,24,48,22.36,85.03,5.47,172.68,barley
84,95,89,27.18,43.19,8.47,133.13,maize
131,2,112,38.82,30.08,4.11,196.41,cotton
62,135,63,24.1,74.99,6.02,225.42,wheat
17,97,27,14.99,66.33,8.64,65.01,sugarcane
128,2,107,43.78,61.85,8.38,259.03,wheat
86,54,84,20.81,12.16,8.55,174.83,wheat
56,93,63,10.54,37.39,5.32,193.12,groundnut
3,54,116,11.47,23.72,7.25,228.51,rice
26,85,40,39.41,65.33,4.02,203.89,rice
72,134,83,24.31,66.63,7.1,138.3,groundnut
68,28,89,31.76,16.37,7.12,91.86,millet
132,114,53,41.34,61.73,8.67,250.32,wheat
126,114,149,21.81,52.71,4.94,247.04,barley
131,53,138,37.82,57.95,8.48,243.35,sugarcane
92,28,93,40.37,47.86,5.79,288.26,cotton
102,83,16,38.47,58.84,8.91,60.98,sugarcane
64,133,85,42.91,88.07,8.07,59.41,maize
111,123,65,22.9,35.58,6.08,285.26,rice
105,65,88,42.84,65.36,6.22,83.98,sugarcane
19,127,61,38.61,64.39,5.08,21.05,wheat
27,90,17,44.4,86.24,6.12,150.82,sugarcane
61,106,127,39.44,57.17,5.08,218.51,maize
127,76,88,41.79,13.52,8.42,285.6,millet
116,86,60,26.6,53.13,7.7,121.11,rice
58,26,41,23.18,64.69,6.63,138.4,sugarcane
149,114,93,37.97,43.51,5.65,287.99,barley
43,35,17,43.42,50.36,4.38,161.7,groundnut
32,94,98,30.66,12.56,6.23,22.99,millet
141,37,126,38.06,19.05,6.98,251.43,wheat
146,118,109,12.27,10.16,4.2,134.99,maize
113,84,120,40.05,83.14,4.55,61.47,millet
15,95,28,13.23,45.95,6.06,28.8,wheat
63,92,20,22.68,53.96,4.5,21.63,maize
129,107,54,16.26,88.64,4.3,74.96,millet
108,59,15,33.85,26.17,6.16,111.66,rice
31,96,127,21.87,25.07,4.31,231.98,maize
147,45,131,25.27,64.21,8.95,120.11,wheat
145,146,57,29.15,46.8,5.37,28.42,millet
42,0,148,41.13,18.18,7.28,135.41,wheat
133,80,55,22.27,16.54,7.97,41.29,maize
138,146,85,11.0,88.24,6.79,273.9,barley
78,48,83,43.93,26.22,7.05,135.2,maize
95,60,49,44.95,52.71,5.23,123.31,millet
2,47,93,19.36,88.21,6.36,48.91,sugarcane
111,116,94,16.36,85.89,6.73,34.78,sugarcane
123,73,99,30.22,28.11,5.13,298.47,maize
35,89,136,10.72,20.6,6.11,255.89,maize
14,140,19,18.97,38.31,8.83,227.47,millet
87,107,31,18.15,46.34,5.01,224.96,groundnut
73,1,67,27.01,23.64,5.26,53.71,millet
86,132,128,23.13,34.74,6.16,299.67,groundnut
7,91,124,33.15,62.65,7.45,135.68,barley
119,128,10,25.27,81.63,8.09,137.61,wheat
147,60,131,23.84,60.2,7.16,75.1,wheat
90,132,120,24.61,42.29,6.91,218.89,groundnut
72,147,33,26.05,63.06,4.43,145.87,sugarcane
142,88,46,10.53,28.85,8.81,176.57,wheat
15,94,122,34.44,20.88,4.73,126.48,millet
43,128,145,33.5,81.49,7.4,288.39,maize
64,108,16,35.56,35.83,7.22,80.8,maize
147,19,55,22.28,18.89,6.1,194.41,sugarcane
49,16,52,33.98,14.59,5.97,265.4,rice
112,142,26,43.87,52.57,4.31,111.98,wheat
67,145,64,13.94,11.8,5.22,23.51,millet
142,35,13,18.7,15.59,8.94,125.96,rice
79,101,89,32.45,74.56,6.51,21.21,groundnut
97,57,116,15.34,18.46,7.51,202.05,sugarcane
65,57,37,12.35,50.13,4.49,220.67,rice
149,141,28,41.32,41.61,7.42,245.24,wheat
117,78,117,22.64,54.46,6.96,252.13,sugarcane
18,122,74,43.77,88.15,5.43,98.27,groundnut
105,109,87,27.3,11.47,6.62,140.22,sugarcane
124,46,136,35.42,70.98,7.88,198.76,millet
45,103,89,21.28,56.26,8.3,240.44,maize
74,22,64,34.01,55.45,7.21,280.61,rice
2,147,47,44.57,88.88,6.62,24.56,barley
137,52,47,23.42,27.63,7.77,164.66,millet
146,51,147,22.45,33.45,6.74,94.28,groundnut
74,20,93,33.16,23.48,5.52,157.11,sugarcane
91,52,79,29.33,25.39,4.83,106.24,maize
100,16,12,31.68,30.76,4.43,72.33,wheat
98,49,82,40.61,61.54,7.95,228.42,barley
85,128,144,27.71,59.91,6.59,284.9,maize
79,150,146,28.55,12.78,5.41,184.4,cotton
30,78,83,42.38,43.67,5.79,104.5,wheat
24,58,78,34.15,54.64,7.44,79.61,millet
26,15,106,20.03,61.9,7.48,142.0,sugarcane
110,0,124,42.11,65.6,6.67,80.12,wheat
24,117,54,28.6,48.58,5.45,297.94,maize
79,116,147,23.11,67.04,6.51,116.38,rice
0,102,2,15.22,17.06,6.19,97.47,wheat
2,2,105,34.52,89.16,8.14,23.46,sugarcane
8,139,42,39.97,83.4,8.89,83.34,rice
57,39,76,38.1,12.28,5.87,142.03,rice
149,101,110,19.25,14.33,8.44,57.51,wheat
149,15,63,14.73,26.77,5.77,274.35,cotton
80,68,101,14.03,57.26,4.16,206.43,maize
109,19,79,29.56,38.09,5.24,167.21,rice
126,13,133,29.8,59.79,4.27,164.26,barley
112,20,81,17.38,72.08,7.35,194.68,wheat
39,28,40,10.46,49.5,5.8,95.98,sugarcane
25,50,1,33.22,15.68,7.86,255.13,cotton
119,123,69,33.38,31.17,6.31,193.54,cotton
75,55,121,22.9,36.48,4.33,133.09,maize
137,129,137,28.26,17.31,6.95,180.37,wheat
36,99,112,21.7,32.12,4.41,95.99,maize
11,122,25,31.92,41.67,5.86,52.06,sugarcane
9,67,129,26.12,25.59,6.11,268.16,cotton
117,84,17,17.08,79.51,4.44,256.0,millet
13,22,79,33.57,38.5,8.52,143.5,cotton
12,34,137,29.79,16.77,4.45,189.71,maize
73,105,98,12.36,12.06,8.41,201.52,barley
39,84,141,21.82,65.57,4.43,193.28,sugarcane
59,54,83,10.91,79.74,8.2,238.55,barley
144,124,46,21.4,42.3,5.72,294.92,groundnut
117,125,121,38.52,66.96,8.92,28.96,wheat
14,70,19,35.56,78.86,7.55,282.19,cotton
74,1,14,27.44,18.22,4.32,86.15,millet
125,27,42,38.75,36.76,7.18,227.74,millet
134,148,108,24.26,50.79,4.51,231.27,sugarcane
49,28,18,42.27,68.01,7.83,296.74,sugarcane
46,86,128,41.95,65.79,8.55,212.56,wheat
85,83,12,44.28,17.41,5.66,45.03,sugarcane
127,17,107,17.91,52.52,5.13,42.25,sugarcane
138,98,39,26.64,53.12,5.19,122.26,groundnut
23,8,101,42.73,83.16,4.73,221.72,maize
111,62,124,42.23,80.26,6.36,145.3,sugarcane
79,45,105,13.14,78.02,8.21,172.1,millet
2,56,25,17.12,46.43,8.02,181.97,groundnut
90,146,133,12.12,11.68,6.3,242.81,millet
147,109,124,37.24,78.52,6.89,295.17,groundnut
63,137,27,12.12,74.55,6.85,168.48,barley
26,56,59,32.29,26.69,5.78,242.74,cotton
80,22,41,31.23,56.72,8.47,221.59,rice
134,90,78,37.4,66.34,8.07,187.61,barley
127,138,94,34.3,78.39,6.96,207.36,maize
119,23,62,40.67,72.97,7.47,54.92,groundnut
135,26,44,31.58,43.1,7.42,208.48,wheat
149,20,92,35.5,78.9,5.26,293.62,maize
133,145,130,11.54,40.99,8.61,201.97,millet
123,113,136,17.37,48.11,6.24,263.68,barley
5,103,137,18.24,56.18,6.45,85.85,cotton
0,113,119,44.53,20.31,6.02,146.46,wheat
97,51,83,31.17,49.71,5.47,218.53,rice
123,27,18,33.27,25.04,6.68,260.89,rice
138,124,94,39.47,13.37,6.72,207.02,maize
49,134,115,26.3,78.8,5.14,236.27,groundnut
12,145,149,23.12,74.86,5.47,295.8,sugarcane
39,149,4,32.84,77.57,4.22,115.56,groundnut
67,0,120,11.25,32.99,5.02,37.54,groundnut
108,8,119,34.39,42.13,5.46,86.86,wheat
16,101,130,18.71,69.75,8.21,161.68,millet
60,137,43,14.75,75.63,4.05,179.5,barley
74,37,30,35.51,14.59,6.39,206.77,maize
30,133,111,11.22,45.52,8.85,285.38,barley
137,57,83,23.67,73.52,6.6,274.15,barley
130,136,71,28.96,30.09,4.21,174.77,maize
52,115,90,11.09,83.16,5.67,184.45,cotton
52,67,107,40.15,13.36,6.52,299.21,wheat
4,150,9,15.37,70.89,5.21,172.35,maize
147,30,110,16.45,25.91,4.91,120.56,millet
124,9,60,40.37,10.27,5.64,178.3,sugarcane
48,76,15,23.53,33.09,4.71,162.91,wheat
72,15,47,18.56,24.65,4.86,36.59,maize
52,122,122,15.59,78.98,7.28,185.47,cotton
128,68,3,44.77,46.03,6.71,110.18,groundnut
11,74,101,42.55,68.89,4.62,200.61,wheat
13,55,2,24.91,29.34,4.64,89.97,groundnut
106,149,12,39.12,75.82,7.21,208.95,millet
6,148,73,31.73,43.26,7.49,285.59,wheat
99,139,82,42.33,52.06,8.53,136.83,millet
25,12,18,20.31,26.08,6.44,278.41,cotton
80,76,47,34.43,54.9,6.44,85.09,barley
67,29,4,24.55,68.8,4.45,181.38,rice
54,101,17,37.48,12.0,5.5,80.4,groundnut
21,79,32,33.59,57.58,6.77,256.87,barley
23,149,134,23.48,33.02,7.92,54.84,barley
14,27,29,29.45,86.69,4.25,184.84,cotton
57,96,55,33.93,60.13,5.18,77.32,wheat
147,130,115,32.95,61.06,4.88,210.72,groundnut
24,56,21,28.72,42.32,7.13,279.38,cotton
101,77,58,31.02,82.82,7.82,137.2,millet
37,144,81,38.26,21.33,7.66,263.26,sugarcane
29,6,62,32.31,21.45,8.41,154.72,barley
32,1,8,37.14,28.09,8.78,79.89,sugarcane
17,37,48,17.59,44.95,8.75,216.63,rice
107,147,150,39.41,55.76,7.61,251.5,cotton
98,77,92,27.6,84.34,5.66,191.29,barley
29,123,146,43.29,15.99,8.2,241.58,maize
50,78,65,12.47,88.91,6.24,90.92,sugarcane
53,50,26,17.55,45.65,7.59,90.22,wheat
109,82,143,40.99,28.02,7.3,297.71,barley
16,76,74,20.18,27.72,4.01,168.97,barley
26,53,93,44.55,62.99,5.51,108.37,groundnut
85,25,121,24.88,38.56,8.14,294.44,maize
142,32,80,12.84,27.15,7.13,92.97,barley
2,135,33,19.08,89.06,8.46,164.79,cotton
20,137,2,21.89,82.83,4.52,58.75,wheat
62,11,56,25.38,83.1,7.75,260.12,groundnut
149,76,23,21.4,80.99,8.71,188.1,sugarcane
7,1,3,25.43,79.26,6.81,242.49,wheat
13,91,41,35.05,75.45,7.8,141.36,rice
128,74,80,32.02,47.65,6.86,226.26,sugarcane
3,90,143,37.82,15.57,4.17,72.35,maize
59,133,3,34.27,61.17,6.62,240.91,maize
0,88,16,16.32,42.56,8.55,290.54,groundnut
39,64,79,28.42,42.39,8.93,244.67,maize
69,84,17,38.53,65.89,5.48,263.21,millet
117,80,56,38.58,38.11,4.12,25.89,millet
94,14,127,33.78,19.14,7.44,106.22,groundnut
78,118,2,41.91,84.28,7.56,216.57,sugarcane
144,80,150,39.04,85.57,8.07,182.96,wheat
36,140,10,20.0,81.21,8.35,157.03,maize
48,110,89,26.95,55.0,4.44,153.66,cotton
144,150,126,18.21,88.54,6.38,94.78,cotton
12,18,126,27.15,69.08,8.5,219.21,barley
142,146,92,34.84,65.6,7.74,213.21,groundnut
35,12,137,31.47,21.14,7.61,229.99,cotton
147,115,48,35.46,73.76,5.0,247.83,millet
138,20,44,38.3,10.21,5.32,239.62,sugarcane
73,58,89,10.6,28.61,8.48,261.89,maize
89,123,134,15.32,26.51,7.76,249.92,maize
22,33,118,42.89,78.7,8.8,49.24,sugarcane
106,117,76,44.54,79.14,4.13,174.39,groundnut
73,127,7,21.88,57.22,6.21,175.19,millet
44,43,93,35.96,22.93,4.99,52.38,rice
122,87,97,12.55,39.44,6.98,133.76,barley
21,30,91,33.09,30.8,7.88,249.22,wheat
143,4,70,29.76,47.9,4.16,139.84,barley
100,51,110,41.19,23.9,8.72,80.64,millet
8,63,40,30.38,56.45,5.68,78.27,sugarcane
116,89,51,42.28,22.35,5.48,32.29,cotton
99,109,91,22.42,78.65,5.55,285.66,maize
145,107,105,41.58,18.89,6.47,122.13,cotton
15,8,72,23.08,47.54,6.53,250.26,wheat
146,123,113,42.19,85.52,8.14,204.19,millet
148,136,105,44.25,76.48,7.93,272.26,sugarcane
110,144,96,28.18,28.88,5.29,97.6,groundnut
115,32,87,26.54,89.71,4.03,201.11,wheat
65,19,56,18.16,20.97,6.83,174.23,millet
84,55,22,42.74,56.1,8.93,168.21,cotton
126,150,35,41.69,57.09,8.3,61.05,barley
44,142,128,34.62,51.3,4.6,204.47,barley
149,135,140,12.55,38.84,6.77,289.98,wheat
118,81,95,28.83,71.12,8.56,264.63,rice
33,137,129,24.78,87.32,4.07,118.98,wheat
106,77,142,13.59,64.21,4.95,211.92,millet
88,8,60,27.62,52.71,4.77,291.47,millet
2,90,81,17.34,59.59,8.81,207.14,rice
65,58,111,24.43,82.94,4.78,60.21,sugarcane
20,100,18,16.51,65.92,5.81,118.12,millet
136,15,36,42.71,53.33,8.75,104.88,barley
88,17,130,36.03,29.04,7.28,107.59,sugarcane
141,76,71,15.42,16.93,6.54,150.08,maize
48,91,29,22.08,78.21,8.05,281.26,wheat
101,100,99,28.03,27.89,8.17,259.65,wheat
50,35,23,18.62,64.94,5.08,161.15,wheat
97,65,106,20.93,65.05,7.74,163.12,wheat
35,85,112,37.63,76.62,5.43,56.23,groundnut
124,10,7,26.09,49.76,8.76,83.13,sugarcane
79,111,82,37.95,44.7,4.07,49.22,maize
138,11,63,35.98,57.59,8.2,137.66,maize
1,118,86,29.08,51.14,5.09,100.69,barley
113,123,33,21.85,51.89,4.8,65.43,maize
17,22,9,30.01,65.08,4.37,52.13,wheat
60,141,126,36.21,40.62,5.15,54.55,barley
37,54,1,43.94,11.01,8.19,144.93,barley
144,56,81,29.08,24.77,6.77,299.7,maize
55,32,142,23.41,41.73,5.57,52.99,maize
16,45,37,22.69,17.4,8.45,27.43,sugarcane
100,28,77,43.1,44.6,4.39,279.64,cotton
3,126,147,11.89,37.96,6.94,69.36,rice
33,98,148,24.71,24.51,4.14,20.59,sugarcane
76,131,45,16.83,31.31,7.56,115.51,rice
45,136,115,10.25,71.09,4.19,123.94,rice
144,117,44,11.56,32.54,8.62,277.56,barley
97,95,64,25.0,14.82,4.23,210.75,wheat
144,50,115,23.08,89.6,8.56,31.14,wheat
86,7,90,33.78,35.13,4.88,37.44,millet
26,33,132,27.43,43.4,7.35,128.58,millet
99,75,127,33.31,75.12,7.69,270.15,maize
145,1,104,31.03,62.3,6.71,80.03,sugarcane
142,73,45,10.69,51.61,6.33,83.33,sugarcane
11,98,56,20.34,79.14,7.45,33.13,rice
80,104,111,40.24,72.09,6.71,29.84,barley
34,147,27,39.62,51.71,8.34,146.98,sugarcane
15,24,130,39.43,54.33,5.7,219.55,groundnut
19,46,87,26.69,83.67,5.93,229.49,rice
124,135,12,40.98,21.33,5.2,137.24,barley
20,54,120,42.63,46.43,8.14,212.55,barley
40,109,71,39.74,19.22,4.84,223.09,groundnut
69,37,16,42.34,33.14,8.75,285.32,rice
87,19,49,19.6,80.62,5.17,263.31,millet
117,115,129,18.67,48.82,8.42,28.45,wheat
92,9,106,16.21,10.15,6.5,91.52,groundnut
80,53,146,41.33,50.47,7.24,273.3,groundnut
110,63,149,39.35,22.28,5.57,44.91,millet
12,11,114,12.14,53.84,8.4,125.88,cotton
145,126,141,12.01,36.32,6.02,111.64,maize
29,144,109,39.79,31.8,5.88,193.24,rice
43,88,31,34.17,60.69,5.62,282.24,sugarcane
91,15,138,41.46,32.59,5.7,292.1,wheat
132,131,90,33.41,86.1,5.46,290.81,millet
103,147,67,28.16,76.32,7.67,157.09,groundnut
119,146,128,34.57,59.22,8.9,172.45,maize
34,29,65,39.45,29.77,5.79,191.57,barley
96,132,126,29.78,68.86,6.88,272.78,groundnut
84,94,71,20.03,45.62,5.84,55.62,maize
50,59,77,27.49,55.4,6.62,180.66,wheat
32,117,11,18.18,83.18,7.42,125.07,rice
43,132,100,26.26,52.46,6.85,88.98,cotton
2,27,40,23.23,74.07,7.05,95.31,rice
9,141,11,23.32,75.55,4.85,89.14,cotton
107,73,115,36.54,69.34,7.72,187.97,barley
108,46,143,27.62,31.33,7.56,57.47,maize
150,107,70,16.28,28.82,8.46,90.98,millet
67,108,82,28.36,76.9,4.99,248.0,rice
100,4,39,10.12,31.95,4.15,78.72,groundnut
59,111,66,39.25,27.99,5.41,133.01,rice
96,107,24,33.63,26.12,4.28,234.45,barley
21,150,103,19.33,25.79,6.57,156.11,sugarcane
140,134,53,36.94,24.8,4.94,102.16,cotton
81,78,30,10.46,71.57,5.59,294.64,sugarcane
67,36,21,34.39,52.4,5.66,59.67,wheat
133,68,115,24.18,31.2,5.39,238.4,maize
37,61,146,18.76,51.99,8.19,62.7,wheat
106,98,113,31.78,64.96,6.28,175.24,wheat
58,103,17,23.69,32.21,8.41,167.0,millet
28,127,117,44.67,30.94,8.83,279.97,maize
94,88,72,33.09,23.86,8.2,81.97,cotton
47,26,90,25.33,68.88,7.36,149.78,cotton
75,70,43,39.93,11.46,5.52,216.01,sugarcane
89,82,53,38.89,52.98,4.74,105.4,cotton
97,66,40,29.52,32.4,4.74,93.17,sugarcane
94,66,22,28.76,32.09,6.8,211.17,millet
140,22,73,24.55,35.93,5.75,88.51,groundnut
135,91,67,39.56,86.33,5.71,190.38,groundnut
142,47,3,39.39,74.23,7.68,241.8,barley
63,74,147,31.29,10.74,5.62,187.11,sugarcane
53,102,30,34.68,66.76,5.55,290.5,groundnut
19,77,75,35.95,10.72,5.2,35.85,sugarcane
26,115,104,22.96,44.93,6.53,152.63,maize
61,88,45,31.61,85.28,6.39,292.85,maize
10,18,113,18.11,45.74,6.03,231.25,wheat
35,136,44,12.57,70.17,8.49,83.97,cotton
42,37,83,28.18,30.05,7.6,266.77,wheat
33,51,104,26.44,47.09,7.99,174.8,rice
117,108,32,29.04,46.31,8.45,105.66,maize
9,33,20,37.95,28.69,7.78,70.76,barley
78,112,130,28.1,45.25,7.65,117.02,cotton
6,91,36,32.57,60.05,4.03,138.51,wheat
69,92,109,42.12,40.67,7.36,118.08,rice
33,24,134,26.33,63.04,5.47,201.27,barley
149,50,60,43.68,30.57,7.48,66.36,maize
44,116,51,43.01,80.83,5.88,140.8,barley
1,149,61,33.37,77.56,5.95,154.63,barley
127,26,51,30.2,14.4,4.57,143.2,wheat
59,100,113,31.2,33.88,8.75,172.5,barley
114,138,6,33.99,89.73,7.42,42.75,millet
130,76,127,20.43,12.38,5.06,39.66,rice
41,105,18,23.39,80.95,5.15,91.55,barley
21,113,75,31.32,54.18,4.17,262.32,cotton
77,71,100,38.56,65.96,8.01,172.78,sugarcane
56,39,118,39.7,65.06,7.91,28.55,maize
14,27,62,19.09,57.67,4.8,296.31,groundnut
7,77,110,25.15,50.89,4.83,177.72,rice
36,96,9,26.59,27.79,7.29,51.39,maize
128,51,21,41.8,15.37,8.11,67.05,sugarcane
109,7,15,37.49,47.35,8.88,266.66,barley
31,46,118,13.31,52.42,6.03,110.53,millet
50,150,39,39.24,21.66,4.17,195.67,sugarcane
39,98,64,24.14,55.35,4.3,293.02,groundnut
100,92,136,39.62,47.93,7.4,173.62,maize
74,27,41,11.95,32.59,7.24,138.72,cotton
77,48,22,39.55,67.1,8.3,177.06,maize
141,80,32,22.11,36.92,7.33,258.68,wheat
43,84,123,15.36,70.91,5.98,226.07,groundnut
14,108,50,44.3,55.79,7.94,136.98,barley
19,127,97,11.28,17.28,4.06,211.2,millet
144,103,119,38.71,59.1,7.72,122.62,rice
104,109,108,19.5,30.88,7.91,236.37,millet
11,11,105,32.39,23.12,4.97,153.36,barley
129,13,138,21.15,61.26,8.89,241.1,cotton
57,3,22,38.7,29.06,4.56,202.5,cotton
66,7,46,23.44,83.93,5.34,155.51,wheat
29,23,75,24.8,57.05,7.09,86.85,maize
25,117,40,38.1,25.23,7.77,222.66,sugarcane
93,134,106,43.75,16.79,6.9,216.98,barley
114,133,76,32.51,14.34,8.2,119.7,barley
28,125,60,34.99,60.9,5.56,85.68,barley
136,41,13,29.86,57.05,7.9,202.36,wheat
110,141,81,32.92,10.52,5.8,30.72,wheat
133,68,112,37.43,51.66,4.13,170.42,cotton
77,76,97,19.46,12.95,4.32,71.13,barley
133,50,33,31.02,56.41,8.16,144.98,millet
143,56,9,36.66,63.03,7.2,295.44,barley
84,79,37,40.79,46.71,8.11,92.49,maize
84,55,6,36.38,27.85,8.62,214.24,millet
31,55,73,37.61,18.11,4.68,170.16,millet
23,81,104,33.06,33.36,4.45,175.96,millet
56,141,14,11.43,37.48,5.18,115.2,groundnut
126,15,76,24.77,44.79,5.54,149.21,maize
52,45,139,36.76,59.4,5.63,216.61,wheat
68,1,83,10.22,45.55,7.48,130.7,wheat
1,128,103,29.9,58.78,5.78,129.92,rice
45,7,0,18.74,63.67,5.72,257.58,barley
74,93,3,28.01,30.62,6.2,291.38,barley
67,114,98,15.83,16.23,5.04,139.95,barley
26,57,33,32.48,19.05,8.2,238.29,cotton
6,60,46,18.73,40.09,6.71,132.6,sugarcane
41,44,63,13.43,61.09,8.85,282.76,sugarcane
1,112,119,32.54,63.43,4.42,106.24,groundnut
51,126,96,38.84,87.96,8.65,118.05,wheat
61,98,45,13.51,23.18,4.49,37.93,groundnut
78,91,101,14.5,70.33,4.34,125.25,wheat
103,117,62,10.06,50.89,8.5,21.48,millet
91,0,28,16.83,41.49,8.94,154.4,sugarcane
73,91,28,29.71,46.5,6.17,70.67,cotton
101,19,45,35.53,39.96,4.16,270.5,millet
24,135,108,36.49,68.13,6.76,51.25,maize
52,144,7,23.36,48.35,8.71,92.06,wheat
91,1,22,42.67,17.86,5.43,132.92,barley
56,94,88,40.18,73.74,7.23,188.88,rice
45,41,42,30.66,52.05,6.46,97.53,rice
135,73,135,39.29,59.17,5.55,287.04,groundnut
27,129,109,29.23,21.75,6.12,187.29,cotton
116,112,105,38.43,59.66,6.27,111.38,maize
4,126,11,21.64,37.86,7.25,261.01,wheat
69,81,114,40.13,44.35,4.9,232.06,maize
40,97,17,33.53,24.91,8.73,259.16,rice
66,3,124,27.49,46.24,7.77,275.86,rice
87,27,107,19.42,48.8,6.1,172.53,groundnut
110,137,56,43.92,21.77,7.72,212.09,wheat
115,38,109,24.6,54.86,7.62,115.09,groundnut
35,110,86,42.15,56.22,4.32,160.59,millet
91,65,140,14.43,36.03,6.8,262.84,cotton
47,1,146,15.05,23.4,7.99,183.22,millet
101,103,16,31.52,10.53,5.82,267.91,wheat
124,121,103,17.54,30.35,8.53,182.39,cotton
69,80,59,24.99,70.75,5.01,39.4,maize
117,101,76,22.59,66.51,7.9,286.94,wheat
36,48,30,34.0,22.98,8.45,288.03,cotton
109,115,138,41.53,70.65,8.42,152.37,rice
95,0,77,25.23,20.66,8.59,284.98,rice
5,28,76,25.26,32.76,8.32,173.58,rice
150,123,69,29.57,30.74,7.03,214.74,millet
2,7,17,12.18,40.08,7.01,254.09,cotton
27,0,4,36.35,69.24,8.46,168.18,groundnut
82,1,90,41.25,53.0,4.25,222.7,groundnut
38,141,7,37.87,28.04,5.88,152.7,millet
8,128,10,29.05,60.85,8.8,176.45,wheat
61,4,17,37.82,72.69,8.3,240.89,cotton
72,65,150,29.64,68.26,8.58,228.96,wheat
8,38,99,30.02,77.57,6.24,165.49,barley
38,137,17,31.36,57.25,5.9,83.42,sugarcane
142,130,23,17.27,76.61,4.69,154.2,sugarcane
98,85,115,21.82,87.31,4.85,295.87,groundnut
30,113,73,25.83,46.77,8.91,203.48,barley
32,5,79,14.81,37.8,6.4,260.51,sugarcane
28,68,58,41.47,15.64,7.25,110.61,rice
98,4,110,14.6,10.27,8.42,27.29,groundnut
2,91,122,27.13,55.6,8.49,83.26,maize
94,115,130,11.78,75.67,6.38,250.58,cotton
0,65,150,42.32,18.14,7.32,159.59,groundnut
96,105,36,30.11,60.34,6.44,169.55,rice
108,62,52,26.79,41.03,5.87,224.25,groundnut
69,39,81,36.67,75.78,8.23,153.56,sugarcane
78,146,28,29.59,29.96,4.17,203.07,rice
92,10,30,44.66,53.55,7.28,62.57,barley
78,19,107,22.41,26.72,7.38,159.86,millet
69,24,17,34.26,34.49,8.83,277.77,cotton
61,62,129,41.63,63.27,7.87,296.23,maize
63,89,80,10.54,29.59,8.36,170.28,barley
51,10,64,27.51,67.02,8.48,65.61,cotton
31,89,40,17.54,73.6,7.39,195.49,barley
56,2,57,17.32,58.33,8.98,118.11,groundnut
120,13,28,16.15,20.32,5.06,232.19,millet
62,110,111,12.06,15.53,7.53,195.98,barley
43,53,36,36.45,46.54,4.3,42.61,barley
61,52,136,30.51,87.74,8.75,87.03,millet
6,28,143,12.91,45.74,8.32,50.57,wheat
122,54,81,35.77,59.15,8.09,211.72,barley
84,53,78,29.84,55.43,6.18,52.64,groundnut
10,29,86,33.49,15.88,5.06,276.4,maize
47,7,90,38.28,73.69,5.66,130.45,maize
83,102,126,34.9,44.38,4.62,98.28,millet
114,15,146,19.81,24.18,6.63,222.25,barley
75,48,16,33.33,31.02,7.28,210.05,groundnut
30,30,61,20.85,76.58,6.21,260.28,maize
96,0,120,20.09,27.76,4.85,163.13,rice
70,139,36,12.7,31.47,6.05,253.13,millet
132,106,57,29.55,89.3,5.31,63.29,cotton
52,127,140,28.01,36.52,4.01,250.79,millet
81,52,11,26.86,87.99,7.4,20.65,rice
127,109,39,28.47,32.76,8.59,253.73,sugarcane
117,50,46,43.11,29.14,5.26,170.97,sugarcane
99,88,22,35.96,54.17,5.31,132.41,groundnut
63,90,150,35.52,26.02,8.35,173.21,rice
93,118,0,41.34,27.16,5.54,275.49,wheat
111,63,110,40.4,45.35,4.49,76.67,sugarcane
2,144,85,24.28,19.5,8.05,170.74,maize
99,64,138,20.62,48.24,6.59,157.85,barley
49,93,122,23.13,80.63,5.89,107.79,sugarcane
56,68,147,21.87,74.77,8.79,60.25,cotton
22,84,53,38.71,66.4,4.2,182.7,sugarcane
131,28,10,12.83,66.21,5.15,286.29,maize
131,0,3,33.51,18.94,8.51,115.13,barley
46,105,121,27.19,69.92,4.66,220.24,millet
136,11,44,39.08,83.52,4.3,192.24,sugarcane
121,115,116,36.06,56.49,4.39,276.66,groundnut
65,24,4,29.15,32.05,8.93,238.77,maize
39,3,74,17.68,62.57,4.63,177.52,maize
72,130,38,18.97,63.17,5.4,67.72,sugarcane
90,80,90,39.65,22.41,5.17,182.64,rice
111,145,28,29.91,15.0,8.84,102.61,millet
10,12,28,22.11,41.25,4.34,297.54,sugarcane
47,11,14,17.23,89.35,6.07,88.17,cotton
140,19,82,39.97,16.28,7.77,158.43,sugarcane
1,99,23,42.26,85.76,8.66,151.72,wheat
74,146,123,20.44,67.39,6.5,264.11,cotton
120,4,136,29.05,35.15,8.84,256.64,cotton
22,45,93,43.1,20.82,5.48,292.11,wheat
62,27,70,26.89,24.3,4.89,79.0,groundnut
101,149,139,15.09,25.92,6.04,82.81,millet
144,70,20,14.35,12.98,6.35,131.06,groundnut
97,78,98,36.06,54.68,6.75,29.99,barley
109,102,1,40.44,58.12,7.71,176.76,rice
27,77,83,28.54,13.81,7.42,138.43,millet
52,124,73,38.43,33.91,8.67,292.02,rice
124,13,60,21.92,46.65,6.86,144.11,rice
22,79,17,30.37,77.24,8.29,98.98,cotton
55,125,38,44.27,56.99,4.28,204.72,barley
72,82,115,40.33,52.5,6.31,27.01,wheat
118,9,82,29.27,61.13,5.85,114.88,sugarcane
23,78,97,11.85,53.67,6.04,115.91,sugarcane
148,149,148,34.99,38.8,6.89,50.34,groundnut
74,5,95,26.34,28.2,4.26,187.4,groundnut
108,34,21,15.48,79.49,5.64,193.4,sugarcane
131,7,89,37.71,37.46,6.39,21.31,wheat
64,130,5,12.6,17.19,6.31,189.87,sugarcane
0,8,144,14.69,19.75,7.3,47.1,groundnut
134,61,136,10.34,75.08,5.26,248.16,barley
36,42,89,17.65,51.67,5.75,136.29,groundnut
123,86,104,29.67,74.63,5.21,122.67,maize
124,134,29,19.74,55.53,8.33,177.49,barley
27,114,84,30.91,69.17,4.25,271.81,maize
8,36,125,43.53,24.49,8.97,161.51,cotton
59,123,119,29.69,69.65,7.38,296.4,barley
107,6,139,43.35,46.66,8.22,26.03,sugarcane
43,137,114,33.56,84.37,8.45,228.51,wheat
48,11,74,40.01,60.98,8.97,139.49,rice
33,19,105,13.47,40.14,6.99,94.47,groundnut
113,100,3,35.29,89.94,6.44,168.47,wheat
92,134,133,30.36,19.16,6.01,245.42,groundnut
109,132,7,39.47,51.76,4.71,229.44,maize
139,107,26,16.65,28.59,6.33,215.38,wheat
21,42,26,17.28,52.5,4.6,207.3,groundnut
115,54,102,23.11,56.2,7.98,180.67,maize
144,124,92,28.49,22.62,5.72,146.65,maize
113,38,53,43.6,84.1,8.41,84.66,maize
98,6,79,39.36,63.4,5.39,191.96,maize
7,55,95,41.35,10.84,5.16,142.72,cotton
50,102,82,18.66,23.18,6.75,170.98,rice
3,104,76,21.44,11.83,6.42,285.13,sugarcane
83,76,114,14.97,66.86,7.88,257.94,maize
48,0,86,15.99,78.56,6.5,75.8,groundnut
109,88,24,43.69,20.96,5.44,244.92,sugarcane
2,16,130,42.32,89.29,4.43,270.03,cotton
61,139,115,35.47,25.55,6.77,105.29,maize
50,102,96,34.1,35.69,6.81,236.39,maize
35,34,83,16.09,55.5,7.53,228.63,maize
108,109,5,40.31,42.38,7.45,92.93,barley
83,150,109,33.13,73.73,6.4,168.57,barley
30,48,24,26.82,76.25,4.24,298.51,rice
115,124,14,34.75,64.51,5.24,56.6,maize
17,128,29,15.53,34.24,5.93,227.62,groundnut
13,115,44,14.64,15.12,6.59,141.26,sugarcane
18,115,49,16.33,15.16,6.89,229.98,cotton
145,90,20,34.19,64.63,5.96,179.83,barley
113,60,37,20.04,53.8,7.91,239.44,barley
133,16,80,14.28,43.15,6.58,290.0,maize
55,30,70,29.72,18.26,5.25,166.16,cotton
111,32,111,11.62,65.17,7.76,151.99,cotton
146,149,63,31.54,19.52,7.35,267.24,cotton
135,89,127,37.47,50.12,6.23,205.38,groundnut
21,120,7,39.14,53.65,5.36,38.59,millet
9,66,43,22.77,26.6,6.97,198.95,groundnut
127,59,114,29.31,84.34,6.94,224.02,groundnut
37,136,66,24.1,15.97,7.72,127.65,sugarcane
74,119,148,34.21,14.3,5.33,28.17,maize
78,46,101,24.31,31.55,7.04,58.11,groundnut
80,19,69,17.35,73.05,4.09,21.31,groundnut
109,75,6,16.69,72.16,8.64,84.74,rice
8,72,149,31.14,51.17,4.09,85.41,groundnut
145,117,145,29.53,80.24,8.23,43.76,wheat
24,145,115,21.21,80.56,7.84,292.57,rice
87,4,89,26.33,76.25,5.66,110.1,maize
92,110,78,35.95,38.44,4.42,158.03,millet
115,135,5,13.97,24.7,5.96,159.33,rice
17,129,105,40.28,25.1,7.52,120.64,millet
117,127,77,32.06,37.96,6.73,187.78,sugarcane
46,47,72,19.71,60.97,7.73,157.04,maize
4,8,125,13.64,76.38,4.27,124.11,barley
80,138,48,30.51,33.7,5.58,219.44,cotton
87,5,62,33.74,28.23,8.58,46.02,wheat
20,113,83,20.08,41.78,7.92,96.69,cotton
140,10,24,19.82,54.36,4.78,66.67,sugarcane
34,141,39,14.46,66.8,7.88,291.1,maize
144,57,41,28.92,77.18,4.61,130.13,sugarcane
1,146,51,25.29,33.26,7.95,297.87,maize
141,87,57,33.77,18.0,7.31,273.41,wheat
115,23,89,19.18,66.06,7.81,221.03,rice
9,115,34,13.52,10.84,4.06,52.32,sugarcane
139,2,82,12.29,83.32,6.09,274.46,millet
140,130,72,34.53,61.98,8.64,39.92,maize
115,52,1,25.98,53.75,8.89,21.73,millet
89,111,62,31.98,42.35,4.95,141.89,sugarcane
84,148,29,20.25,84.58,6.47,116.64,barley
38,84,1,22.71,23.2,8.63,214.7,maize
27,124,55,26.36,73.81,4.75,102.42,rice
50,119,10,24.99,76.03,8.8,176.1,barley
121,72,28,31.05,54.72,5.09,227.64,rice
99,35,91,14.52,75.82,5.81,192.36,cotton
38,120,10,26.44,72.24,8.52,244.79,sugarcane
125,116,118,14.77,19.56,7.06,281.13,groundnut
54,83,51,15.03,73.51,5.7,172.85,cotton
26,56,55,28.15,38.63,4.38,134.18,sugarcane
133,133,87,15.97,22.81,6.89,32.82,cotton
37,118,15,24.1,16.18,8.11,56.13,cotton
73,125,5,25.65,21.97,5.98,77.18,barley
14,9,133,15.91,21.11,8.58,276.28,maize
37,91,143,15.78,61.71,7.18,261.01,sugarcane
40,101,137,21.99,76.43,7.7,22.4,sugarcane
22,117,15,29.35,11.55,7.64,145.29,millet
76,74,90,15.17,60.73,6.6,120.94,maize
103,65,135,10.07,33.52,4.5,241.14,rice
13,133,142,14.61,59.79,5.34,174.01,sugarcane
134,10,148,19.56,50.51,5.74,34.17,maize
101,96,105,21.56,30.78,7.07,224.44,barley
77,54,2,37.42,18.61,5.94,158.47,wheat
15,12,73,25.46,13.4,8.72,224.44,maize
54,50,54,26.01,32.4,8.53,91.79,sugarcane
23,57,39,34.33,53.62,4.78,116.45,cotton
72,86,124,19.55,20.38,7.72,85.04,millet
13,41,94,30.83,81.97,6.89,105.09,groundnut
84,64,123,36.84,75.08,8.54,280.07,rice
69,48,70,20.32,41.67,4.12,188.98,barley
2,62,119,44.72,87.98,8.99,166.64,millet
38,3,49,39.74,37.89,7.3,99.4,sugarcane
142,121,94,32.54,39.48,5.3,50.9,groundnut
49,76,82,30.22,28.53,7.32,170.35,sugarcane
130,130,78,39.49,10.9,8.28,161.16,cotton
104,75,25,29.45,66.75,8.44,136.41,barley
29,64,74,44.32,62.93,8.89,44.83,millet
85,144,48,25.73,34.36,4.77,148.94,rice
73,104,113,36.73,72.98,6.39,25.22,maize
64,67,45,40.25,62.86,7.85,133.25,groundnut
51,58,142,26.14,79.01,7.91,163.93,wheat
114,88,92,11.28,63.87,5.56,230.03,groundnut
84,132,85,34.28,30.85,7.7,168.64,maize
46,134,73,24.82,66.92,7.81,264.25,wheat
134,63,143,26.75,14.09,6.29,206.95,wheat
134,137,13,16.39,18.43,7.65,21.2,barley
54,19,135,41.0,45.77,5.39,90.58,groundnut
128,81,94,28.07,68.63,8.42,259.45,cotton
30,113,54,43.6,84.85,7.34,254.83,barley
34,91,3,42.18,68.83,6.05,270.31,sugarcane
148,13,98,42.73,61.35,7.5,155.52,rice
81,46,44,22.24,84.84,7.32,280.34,barley
70,121,118,10.1,69.45,7.26,96.69,groundnut
39,18,46,34.03,48.96,8.1,234.64,barley
112,44,132,31.31,85.85,8.68,257.44,groundnut
139,68,98,43.23,19.87,7.19,215.28,cotton
103,15,28,21.52,60.9,5.16,169.76,groundnut
84,143,112,11.21,59.12,4.46,221.04,cotton
113,65,45,31.41,22.7,4.47,281.6,cotton
59,82,139,13.07,18.85,4.24,93.09,millet
108,25,16,18.73,52.2,5.15,166.75,rice
101,81,27,23.31,69.35,6.68,101.26,barley
148,84,126,31.85,18.29,8.45,144.23,barley
129,71,92,37.54,20.89,8.04,118.08,groundnut
51,127,92,15.63,67.04,5.27,48.61,maize
90,42,146,21.92,67.08,8.89,48.22,millet
3,18,126,29.54,75.64,4.94,156.3,barley
110,110,130,13.51,56.19,4.54,172.36,rice
67,135,130,32.95,15.28,7.64,42.49,millet
33,25,33,30.4,19.2,6.87,143.81,millet
21,101,27,20.57,65.52,6.94,172.73,maize
91,127,10,25.69,23.97,5.0,195.3,cotton
66,33,114,27.11,72.83,4.72,287.88,wheat
128,116,24,17.87,87.75,4.27,23.08,barley
81,65,111,44.3,51.27,5.67,30.49,millet
36,77,14,10.22,20.63,6.63,163.72,groundnut
108,114,32,35.86,72.73,5.03,269.84,maize
131,18,131,32.5,26.12,4.08,124.32,maize
130,27,14,10.49,82.72,7.59,130.13,cotton
91,120,118,27.82,13.62,5.84,167.28,sugarcane
100,0,96,20.41,54.1,8.18,112.3,cotton
97,61,53,39.6,36.59,4.3,246.83,sugarcane
67,61,33,13.32,30.63,6.88,141.83,maize
114,74,101,36.86,30.35,4.22,159.97,groundnut
15,77,98,29.11,76.61,7.98,223.7,millet
23,50,27,10.15,88.5,6.67,257.74,rice
23,4,97,27.81,66.45,4.79,105.49,maize
54,124,17,31.78,61.23,8.19,61.01,wheat
130,31,19,10.68,25.93,4.46,165.82,sugarcane
107,15,50,25.04,43.84,6.54,267.19,maize
145,104,70,28.63,74.17,4.92,86.38,maize
76,118,68,12.17,61.24,4.54,188.64,rice
37,8,138,44.93,72.61,4.79,50.26,rice
55,94,143,28.12,46.49,8.71,168.64,sugarcane
146,124,54,34.6,42.13,4.5,179.7,millet
11,20,119,34.51,33.23,5.59,255.25,maize
78,132,105,35.14,55.36,5.23,136.0,groundnut
140,49,103,39.34,46.16,5.42,168.05,groundnut
41,52,109,25.4,43.37,5.79,186.64,cotton
97,8,46,42.16,14.41,5.03,145.16,barley
72,68,13,29.99,36.44,6.24,89.36,barley
86,116,88,22.12,25.0,6.67,185.57,millet
99,121,103,10.46,39.08,8.39,116.59,cotton
127,58,72,13.48,87.53,6.61,35.51,barley
85,143,76,15.46,87.64,8.84,229.76,millet
87,81,31,24.12,62.9,5.47,89.38,groundnut
104,40,98,14.79,64.35,6.12,129.42,millet
78,2,2,29.87,72.4,4.01,91.16,rice
142,116,114,22.32,37.32,4.9,28.54,millet
141,138,98,12.64,70.1,6.04,252.47,millet
29,66,83,43.57,11.05,5.82,243.09,rice
59,148,136,35.32,19.63,7.17,96.38,sugarcane
69,68,54,23.31,79.98,6.09,293.97,maize
145,78,134,15.93,15.23,7.43,277.86,groundnut
65,91,27,31.23,41.71,7.11,282.48,cotton
25,35,75,23.68,89.53,6.48,43.96,wheat
119,4,142,13.95,40.44,7.58,57.43,rice
7,105,61,36.71,52.39,7.36,82.89,barley
62,15,14,25.9,30.8,5.43,295.6,groundnut
84,128,10,34.56,16.1,7.36,245.92,barley
17,93,36,36.58,14.88,5.52,207.4,groundnut
107,127,112,38.13,13.02,5.15,103.88,groundnut
137,29,138,22.0,48.01,6.31,51.12,cotton
102,45,14,28.6,46.79,4.66,67.02,groundnut
66,92,129,26.3,87.52,4.33,292.99,groundnut
46,88,34,25.13,22.86,5.08,147.47,wheat
105,135,130,12.02,55.64,6.72,137.17,barley
87,27,145,31.94,88.97,4.78,210.92,wheat
85,74,38,43.73,86.39,6.03,116.98,groundnut
17,133,113,19.25,75.28,7.32,169.44,rice
3,33,92,18.62,26.48,7.14,154.11,cotton
138,111,16,43.78,42.98,6.18,121.0,maize
62,51,5,27.48,71.53,8.08,212.55,maize
62,131,39,19.48,10.6,7.75,296.64,barley
108,108,75,36.23,83.54,6.89,244.43,wheat
95,119,139,36.11,26.97,8.65,198.79,sugarcane
70,126,24,27.8,19.02,8.0,240.41,sugarcane
49,43,149,27.13,41.7,6.47,232.55,millet
69,132,134,20.08,64.36,6.44,269.67,groundnut
2,118,82,10.64,33.32,5.79,297.9,wheat
105,24,51,43.01,34.62,8.7,22.52,maize
135,8,101,19.4,86.91,8.5,277.14,wheat
141,45,41,36.23,62.91,6.53,76.06,rice
137,38,25,33.43,73.97,4.9,240.62,sugarcane
2,84,63,41.98,29.32,8.99,70.04,maize
11,12,2,24.59,41.81,5.44,259.71,sugarcane
50,17,107,41.96,34.75,4.19,202.48,wheat
57,15,70,38.05,32.11,4.1,36.09,maize
141,16,21,18.6,48.86,4.92,179.97,cotton
103,128,69,24.32,58.3,4.33,289.4,wheat
148,55,87,16.47,58.88,7.04,257.78,barley
75,47,32,30.27,52.89,5.06,112.87,maize
61,63,148,31.29,18.64,4.64,181.76,maize
119,84,41,24.08,75.22,5.49,181.54,rice
63,134,139,11.12,40.11,8.94,46.9,barley
3,146,92,27.17,84.05,6.56,78.45,groundnut
38,52,134,32.78,56.5,8.01,159.45,sugarcane
140,99,60,32.91,80.59,5.87,162.62,maize
34,97,75,13.16,32.8,5.2,235.23,millet
108,100,117,34.21,29.18,5.11,166.6,maize
125,61,80,42.83,49.31,8.64,264.32,barley
49,104,31,15.05,46.98,8.8,283.51,barley
120,19,34,20.76,80.69,6.68,170.98,cotton
133,119,63,23.25,87.44,6.8,71.12,barley
117,103,68,24.95,24.71,8.81,75.33,rice
105,11,143,32.84,23.86,5.88,29.97,cotton
27,98,44,17.61,85.55,4.04,237.02,groundnut
26,17,72,27.59,31.52,7.77,180.29,wheat
62,16,75,19.73,52.55,4.57,224.21,groundnut
48,74,126,32.59,54.75,8.41,201.58,sugarcane
62,110,1,40.41,48.27,7.25,180.69,groundnut
60,14,50,18.47,25.75,8.56,207.17,barley
98,112,51,14.97,24.13,4.05,280.71,cotton
9,53,134,37.59,10.36,5.0,113.05,maize
80,96,110,18.11,58.61,4.72,63.0,cotton
48,29,132,26.57,89.43,6.9,115.93,sugarcane
51,105,46,27.1,81.29,5.66,159.26,millet
129,98,48,14.46,65.96,6.85,152.32,wheat
112,40,143,12.69,44.18,7.47,36.56,groundnut
52,62,143,13.68,21.54,6.02,128.09,rice
100,10,12,17.88,75.41,5.09,31.26,groundnut
10,35,67,16.71,32.67,4.33,132.28,groundnut
53,82,77,26.12,64.57,5.84,205.68,barley
67,10,21,10.9,74.31,6.27,170.18,rice
60,147,6,29.35,17.77,5.81,159.84,maize
57,88,123,44.29,73.65,6.49,64.06,wheat
121,21,110,18.58,53.57,5.03,99.07,groundnut
137,8,66,22.19,83.68,7.87,133.79,rice
16,21,24,26.78,28.91,8.44,287.21,millet
44,79,104,41.07,78.48,8.68,23.32,maize
91,2,4,29.09,78.76,8.27,81.13,wheat
107,64,66,26.32,58.38,7.32,145.48,cotton
98,28,4,21.25,13.9,4.5,154.45,sugarcane
50,63,74,30.02,61.16,4.88,46.02,barley
51,30,0,32.06,47.15,5.84,41.22,cotton
65,60,148,10.31,21.56,8.48,86.05,barley
49,20,8,39.02,81.61,8.32,114.61,maize
53,27,64,30.79,83.67,4.55,149.49,wheat
87,97,9,43.45,72.09,8.5,230.47,cotton
133,76,126,28.81,44.59,5.37,222.94,millet
4,110,61,32.15,66.9,4.07,47.17,barley
32,2,79,26.66,76.54,5.6,216.7,millet
82,41,30,22.21,28.84,6.98,272.44,barley
61,93,61,35.3,22.02,6.8,125.32,barley
83,67,74,20.84,82.9,6.69,70.86,wheat
88,72,119,18.41,79.28,7.7,41.94,cotton
21,99,62,24.78,78.07,6.83,110.68,maize
121,26,0,20.19,30.53,6.62,236.81,groundnut
102,81,143,12.14,36.84,4.25,44.21,wheat
106,69,22,37.16,79.9,5.85,222.88,barley
35,13,101,31.82,60.03,4.07,285.36,cotton
84,44,135,28.26,62.47,4.18,244.86,barley
32,93,132,43.02,54.34,8.59,282.86,millet
44,32,58,35.22,57.26,8.25,67.48,barley
146,86,63,15.85,39.55,8.08,244.61,maize
102,34,18,21.62,10.23,7.92,20.82,maize
23,24,110,31.43,81.75,4.5,190.16,groundnut
100,65,94,25.09,79.65,7.68,225.12,barley
112,148,139,40.92,19.22,7.69,106.23,sugarcane
65,94,17,16.36,84.93,4.28,78.84,millet
74,56,39,35.03,24.22,8.64,163.87,wheat
40,130,17,28.11,25.61,4.16,134.34,cotton
21,150,96,39.71,21.74,6.36,62.86,barley
105,63,56,44.77,15.77,8.16,169.0,maize
140,129,104,17.32,58.29,6.87,247.16,groundnut
48,96,120,34.63,17.3,7.1,23.9,rice
129,85,64,10.12,29.5,5.5,70.15,rice
95,70,136,26.79,53.51,8.03,277.54,maize
32,128,80,26.32,48.81,8.29,215.13,groundnut
70,38,89,33.4,31.66,4.25,294.79,maize
125,121,90,23.77,85.44,4.09,194.85,barley
129,92,101,37.17,71.04,8.37,109.7,rice
27,139,74,44.7,87.21,7.5,168.04,millet
101,11,37,18.95,78.51,8.83,109.13,groundnut
141,30,141,43.66,72.91,8.48,108.18,rice
18,38,139,39.26,67.13,5.08,228.27,barley
90,77,68,13.4,71.65,8.2,256.34,cotton
60,52,139,44.89,46.57,7.73,110.57,barley
144,99,43,29.3,39.92,4.34,112.28,barley
22,79,2,19.67,74.53,7.16,265.6,cotton
70,35,10,24.97,79.09,5.89,217.7,rice
18,95,98,29.69,15.95,5.36,33.04,barley
94,18,74,19.92,53.53,4.73,139.34,wheat
105,78,37,10.63,30.7,4.72,270.49,barley
16,12,50,41.27,74.87,5.11,237.84,barley
92,103,74,43.13,77.9,7.92,171.25,wheat
149,36,11,14.68,32.65,8.15,87.16,barley
50,2,33,33.66,23.7,8.59,178.98,maize
63,114,140,44.49,44.22,6.33,83.67,sugarcane
107,117,77,35.47,37.38,4.86,226.75,maize
41,25,95,28.6,86.32,7.2,124.48,cotton
40,2,143,27.09,44.96,5.51,290.71,rice
69,51,60,17.71,47.11,5.9,252.84,barley
40,4,23,11.62,26.63,4.48,84.18,cotton
17,47,10,36.55,68.54,5.74,30.8,wheat
96,69,96,32.5,43.14,7.83,136.56,barley
92,51,68,37.24,40.08,8.89,66.71,maize
41,50,17,44.68,65.88,6.6,249.63,rice
55,31,45,12.08,68.79,7.72,53.88,millet
68,129,86,29.46,11.42,5.55,100.74,millet
22,21,29,37.31,43.76,7.46,161.36,barley
128,32,101,35.93,60.22,7.93,278.61,cotton
137,49,114,24.63,32.52,5.66,46.67,millet
68,99,119,34.03,35.77,4.75,185.81,wheat
72,78,10,19.85,73.79,6.93,78.91,barley
135,17,35,36.88,81.62,5.49,105.1,millet
36,84,87,41.81,17.15,7.12,114.23,groundnut
15,13,67,44.64,78.12,8.65,171.87,wheat
86,71,44,30.44,74.36,7.68,26.58,maize
33,73,130,37.29,88.25,8.42,20.77,barley
103,43,72,34.0,36.95,5.62,99.09,cotton
102,25,14,24.23,11.64,5.22,157.97,groundnut
146,118,111,17.24,19.79,4.31,70.53,millet
138,137,58,35.0,49.28,6.29,172.73,cotton
132,42,116,38.15,54.73,8.92,122.97,barley
86,39,113,10.91,14.82,4.43,273.93,wheat
55,27,44,30.11,64.02,7.06,84.09,wheat
123,59,84,42.05,40.24,4.88,162.09,cotton
38,4,130,22.04,21.47,7.9,169.32,cotton
144,52,138,18.03,35.82,7.18,95.86,wheat
17,96,120,12.85,75.33,5.38,173.44,maize
2,107,139,34.81,39.66,7.8,241.0,maize
59,4,51,42.47,71.26,4.87,254.59,maize
48,94,36,26.29,83.82,5.35,55.52,maize
82,7,13,23.99,36.56,8.38,44.52,wheat
12,4,150,28.92,60.75,6.28,212.45,wheat
126,74,31,15.34,43.37,5.58,149.68,rice
84,119,34,24.53,16.98,4.7,112.83,wheat
6,128,105,17.98,79.42,4.24,166.89,rice
132,9,104,37.07,11.87,6.75,194.18,wheat
150,127,91,32.89,51.9,8.77,222.52,rice
141,18,45,37.49,67.0,6.41,25.36,maize
93,26,49,42.5,88.11,4.8,225.58,wheat
149,133,56,23.85,10.84,4.65,252.25,rice
73,146,14,44.09,37.06,8.16,296.8,wheat
91,105,77,21.96,17.37,6.79,183.54,maize
108,17,74,31.55,17.2,4.08,59.26,wheat
18,57,49,10.75,25.01,7.09,283.32,barley
38,1,85,43.43,61.86,5.27,276.31,cotton
104,34,63,15.59,59.93,5.96,226.82,groundnut
99,40,105,31.08,44.35,6.08,128.68,millet
127,86,141,12.49,12.15,4.91,48.64,sugarcane
3,139,80,13.21,48.83,6.34,282.33,sugarcane
127,101,114,42.57,68.5,4.59,66.09,cotton
68,50,55,19.04,81.75,5.88,229.52,rice
68,148,22,36.99,77.8,4.63,123.42,groundnut
33,48,131,16.1,27.97,5.74,208.13,cotton
97,11,93,18.87,60.16,7.56,23.36,sugarcane
8,63,129,31.13,82.11,8.02,29.98,barley
25,42,107,43.54,54.72,4.48,243.91,maize
17,7,101,18.22,30.61,7.45,178.09,wheat
114,132,31,18.4,10.9,8.07,88.17,millet
39,94,87,26.11,33.53,5.86,261.32,rice
89,125,38,15.6,54.08,4.08,282.16,rice
36,71,128,31.53,30.94,7.23,130.15,maize
7,16,3,23.2,19.21,8.36,252.16,maize
111,54,37,21.37,76.32,6.21,92.65,sugarcane
142,0,146,20.57,70.28,4.09,225.59,maize
97,49,26,29.54,40.15,5.42,283.12,cotton
54,23,104,33.07,83.6,7.72,103.02,rice
146,122,0,10.27,37.76,6.7,258.46,barley
96,55,52,39.54,66.44,4.81,174.05,maize
126,95,80,13.1,27.07,5.87,41.81,maize
100,40,40,10.06,34.67,7.9,163.61,rice
71,126,139,38.35,23.39,8.04,165.65,maize
49,146,81,37.88,88.55,5.8,247.81,barley
68,102,6,22.84,13.4,7.91,289.31,millet
33,147,1,33.35,10.37,7.71,115.16,barley
149,131,131,16.45,87.43,4.08,295.96,barley
18,67,17,19.41,43.4,6.76,179.42,barley
111,14,22,41.43,76.88,5.91,209.37,maize
121,132,14,13.32,52.53,5.26,61.17,sugarcane
49,50,114,29.99,28.75,5.63,241.26,maize
51,86,127,25.99,21.71,8.26,287.43,wheat
20,121,72,42.78,39.75,6.93,162.83,millet
2,70,59,40.34,79.85,7.64,134.75,rice
24,120,51,38.03,51.95,5.32,104.55,rice
123,135,143,42.34,38.05,8.74,45.15,maize
12,63,106,39.75,52.4,5.55,70.22,maize
141,78,88,44.03,81.59,5.62,173.61,sugarcane
33,84,140,32.91,49.3,5.39,203.26,sugarcane
79,40,150,12.34,33.52,4.55,174.55,barley
115,123,88,13.89,12.07,5.79,104.46,wheat
3,109,30,11.9,84.52,5.63,37.88,maize
118,63,141,25.04,77.73,4.95,105.43,groundnut
70,10,132,43.62,13.26,4.27,139.64,wheat
109,130,49,37.63,44.32,8.15,103.41,barley
32,79,18,13.27,54.77,5.11,138.57,barley
111,103,74,18.48,35.32,7.42,23.37,rice
17,121,129,41.68,17.31,8.46,260.59,maize
121,127,32,41.97,83.29,8.96,173.83,maize
127,46,73,27.82,26.14,8.4,256.8,maize
33,52,29,17.15,39.09,5.81,286.78,maize
56,90,21,13.7,62.42,8.93,96.96,barley
68,88,86,28.22,55.58,5.53,197.6,groundnut
110,75,29,29.32,24.44,7.0,159.87,sugarcane
125,57,105,32.83,70.19,7.45,59.12,millet
57,41,94,17.37,19.41,8.77,32.29,wheat
92,135,84,23.79,77.93,7.25,246.0,sugarcane
99,3,43,16.34,33.3,7.36,75.44,barley
59,85,3,39.69,46.01,8.09,89.02,maize
8,9,137,20.56,89.4,5.65,152.54,cotton
21,65,106,17.14,79.83,7.41,170.5,maize
62,90,93,35.93,74.84,6.38,62.77,wheat
81,48,142,40.63,21.84,8.22,177.98,maize
129,143,68,12.22,52.79,7.58,253.99,cotton
66,16,82,37.32,70.74,4.39,122.4,groundnut
142,40,34,18.06,60.55,5.49,99.82,groundnut
58,13,36,15.21,76.45,5.2,25.23,sugarcane
84,58,93,36.16,76.1,6.55,199.85,barley
127,133,147,21.79,11.93,8.68,142.24,barley
51,102,20,15.9,11.82,6.32,230.65,wheat
2,32,27,17.66,55.38,7.73,169.61,groundnut
4,2,61,20.19,82.77,6.12,47.57,wheat
135,67,60,20.07,65.3,7.72,151.45,sugarcane
85,58,14,35.19,83.12,6.82,155.88,wheat
53,148,102,38.31,26.24,7.33,197.81,wheat
112,41,88,32.29,16.78,6.92,156.4,barley
99,145,20,22.84,87.77,6.06,220.04,groundnut
147,140,52,23.37,17.26,6.07,239.87,barley
144,131,92,32.04,61.37,4.98,95.98,sugarcane
11,44,81,34.39,21.52,4.13,144.31,cotton
114,10,46,37.4,23.86,6.57,281.89,barley
39,20,51,42.11,80.48,8.46,44.75,wheat
22,3,13,42.58,15.36,7.83,298.79,groundnut
110,105,76,23.92,54.68,6.13,47.3,maize
42,83,37,24.77,55.13,5.89,150.84,rice
0,0,46,41.04,45.95,5.49,97.01,barley
62,51,51,25.09,71.27,5.24,132.16,millet
93,36,98,42.12,30.51,7.96,155.57,cotton
114,150,2,43.27,81.1,4.02,105.74,wheat
105,57,2,31.06,37.75,6.25,155.16,barley
130,84,135,15.92,77.99,7.16,162.29,cotton
94,104,32,32.07,17.28,6.47,277.87,barley
111,27,69,12.85,70.42,5.89,62.44,rice
103,129,67,18.41,46.11,5.85,70.51,wheat
137,97,144,35.57,56.65,7.55,180.21,sugarcane
16,69,98,39.65,48.19,5.0,122.35,barley
36,90,102,39.72,57.83,7.78,188.16,cotton
38,15,85,18.48,64.59,5.17,284.36,sugarcane
92,61,20,20.16,31.25,7.56,173.25,maize
0,74,102,12.23,65.99,7.19,218.59,barley
3,108,3,15.6,86.95,6.56,164.59,rice
38,22,145,43.37,19.07,8.28,50.22,wheat
47,90,128,18.69,70.62,5.66,224.06,rice
51,90,58,16.05,86.3,6.4,131.69,sugarcane
60,50,6,41.17,30.05,5.78,274.9,millet
128,82,84,11.38,45.41,4.26,84.49,cotton
124,121,111,10.83,47.74,8.5,94.75,cotton
112,105,134,34.01,41.42,5.84,57.23,cotton
11,31,53,31.25,83.3,4.81,158.02,groundnut
90,38,16,33.13,27.33,5.45,158.21,millet
11,110,123,24.96,46.7,6.38,210.39,maize
104,23,10,34.31,69.08,6.61,170.47,barley
132,68,135,42.81,31.59,5.55,153.45,millet
124,11,69,13.54,82.85,4.96,114.18,rice
21,1,4,40.46,40.51,7.79,177.89,wheat
2,40,35,41.92,71.73,7.32,119.21,sugarcane
134,67,12,28.39,27.33,6.79,229.19,millet
2,14,116,41.11,61.74,4.37,81.22,millet
8,82,110,25.04,37.42,8.23,32.73,cotton
54,49,23,33.0,73.89,4.21,216.39,millet
65,125,141,22.32,55.45,5.3,226.67,rice
15,148,31,29.61,69.96,8.29,235.11,maize
78,74,119,14.32,33.79,7.65,186.39,barley
129,66,109,44.64,47.93,8.76,175.01,cotton
83,101,59,39.57,75.49,5.05,26.96,cotton
92,29,39,18.15,21.63,6.09,136.81,maize
110,93,137,37.51,44.92,7.5,130.6,cotton
7,95,145,32.57,51.93,7.72,165.36,barley
128,112,86,35.52,65.69,5.59,196.06,sugarcane
148,7,117,12.14,71.35,6.64,250.45,groundnut
111,34,136,21.69,38.05,6.01,124.55,rice
115,36,75,22.35,41.24,7.29,174.43,wheat
28,23,71,10.1,59.72,4.78,293.85,millet
48,113,72,36.21,58.36,8.64,99.84,groundnut
14,80,23,14.21,68.78,8.7,231.63,wheat
19,117,35,18.27,63.9,6.56,57.4,millet
140,97,97,24.84,73.6,4.02,191.08,millet
110,141,31,38.03,52.62,4.2,60.74,maize
121,13,64,18.38,18.52,4.15,137.45,barley
117,88,147,44.28,24.36,6.34,153.84,rice
113,63,68,12.59,53.98,4.85,292.39,wheat
117,6,9,14.86,74.67,5.9,202.36,millet
33,93,16,30.6,60.04,6.47,195.77,rice
99,118,67,17.52,15.98,4.1,260.48,maize
43,103,37,36.55,44.6,6.91,80.0,groundnut
72,98,10,41.57,65.44,4.8,297.28,sugarcane
65,7,39,39.21,65.54,7.27,267.66,barley
8,145,72,23.92,64.26,7.55,43.91,millet
148,107,46,40.49,39.49,6.91,298.7,sugarcane
37,78,62,32.51,80.34,7.79,187.14,cotton
54,114,82,31.7,17.28,8.05,184.0,groundnut
66,122,76,20.68,51.56,8.62,196.28,wheat
58,45,5,30.03,42.43,4.39,35.37,barley
19,101,38,40.64,43.84,5.01,97.24,cotton
85,96,7,33.11,70.3,5.75,146.9,maize
108,86,49,19.31,28.23,8.73,243.36,cotton
108,3,18,27.67,16.15,5.76,95.71,barley
38,56,90,16.21,80.73,5.68,31.35,rice
101,110,120,18.0,37.47,6.5,275.92,wheat
115,109,143,20.33,70.43,5.68,257.42,maize
91,112,94,32.15,76.34,7.49,293.02,cotton
136,65,95,34.08,16.87,5.15,69.54,wheat
76,27,115,23.81,43.11,4.67,33.49,cotton
13,145,140,25.9,73.9,7.18,192.27,wheat
4,93,19,43.05,20.08,6.83,246.22,sugarcane
75,126,32,19.81,64.05,8.31,65.56,groundnut
103,25,139,39.63,54.59,6.29,29.21,barley
108,40,132,21.94,79.57,7.17,53.53,maize
1,117,42,36.98,64.27,7.14,250.81,rice
34,97,93,11.49,73.36,7.57,43.75,barley
114,143,35,38.33,22.62,7.98,289.1,groundnut
138,106,44,18.68,77.03,5.81,267.11,maize
93,36,60,29.31,70.21,7.9,54.83,wheat
132,13,97,16.59,61.37,4.19,183.05,cotton
137,126,52,40.8,71.67,7.78,251.5,groundnut
125,146,47,24.0,35.05,4.53,114.13,groundnut
134,84,118,24.32,28.24,7.68,209.87,groundnut
8,60,67,31.48,28.79,4.78,26.81,cotton
116,45,72,11.24,56.32,6.26,262.51,maize
53,73,5,16.3,33.31,8.52,182.76,rice
69,2,137,11.34,16.06,4.29,21.98,maize
106,133,61,41.24,29.2,5.85,241.5,rice
113,149,141,10.19,87.13,5.54,151.21,wheat
99,36,21,43.84,23.15,4.54,159.89,rice
72,92,3,20.14,34.42,7.28,182.19,cotton
113,87,54,14.71,36.32,4.18,241.19,wheat
142,91,48,34.76,81.48,6.1,223.97,wheat
135,97,100,21.65,60.51,8.12,218.57,groundnut
88,64,21,41.91,82.26,8.79,232.21,cotton
64,72,93,44.03,18.13,4.85,295.67,millet
149,127,22,11.23,16.55,8.24,105.58,rice
132,102,78,23.97,25.0,4.35,56.74,sugarcane
133,130,51,10.38,26.5,7.07,185.75,sugarcane
46,68,1,35.46,47.99,8.49,96.3,cotton
110,122,115,27.38,23.29,8.46,29.33,maize
85,85,103,44.32,68.94,6.45,238.19,barley
146,37,1,42.23,51.87,6.99,249.24,rice
12,15,69,19.59,26.39,4.68,239.43,groundnut
115,8,81,36.41,55.21,7.85,293.6,barley
80,49,72,35.22,19.01,6.95,61.26,wheat
9,69,126,38.83,41.75,5.09,204.51,barley
57,57,79,13.48,72.6,4.39,291.5,maize
124,16,25,10.23,82.38,7.72,202.21,maize
28,104,100,43.51,75.17,6.71,262.23,wheat
104,108,15,31.19,75.12,7.51,49.84,groundnut
42,29,101,16.51,81.77,7.8,117.75,sugarcane
31,147,89,38.64,87.39,7.76,143.99,barley
61,19,36,16.26,86.69,5.74,32.27,wheat
107,22,81,39.7,14.19,4.71,56.08,cotton
144,68,39,16.69,81.2,4.34,76.96,barley
47,122,131,35.39,56.26,6.72,190.59,wheat
125,93,13,14.4,18.11,7.32,111.44,maize
62,4,53,38.19,60.64,7.02,241.93,wheat
130,101,43,24.88,80.26,4.75,72.28,rice
43,98,75,28.04,72.97,7.41,170.28,sugarcane
123,130,51,42.86,54.6,4.31,194.91,maize
11,80,6,12.76,19.31,6.42,95.28,maize
74,6,47,12.47,83.18,6.56,260.06,barley
108,109,37,19.34,69.66,7.75,276.82,sugarcane
14,107,118,14.32,28.47,7.79,263.0,rice
112,129,16,30.33,50.4,4.7,257.64,cotton
27,37,54,18.69,48.82,7.14,269.05,wheat
51,36,52,23.06,29.9,6.85,36.14,rice
141,67,16,19.57,71.99,6.23,280.44,wheat
121,127,132,13.71,47.19,4.58,141.79,cotton
59,115,146,35.6,49.95,4.38,57.19,cotton
72,7,4,31.51,11.78,6.69,41.1,barley
122,28,144,40.6,65.01,8.51,168.73,wheat
143,17,58,40.44,40.0,4.44,193.85,rice
50,30,32,37.73,26.39,6.53,191.6,sugarcane
77,19,29,16.64,82.58,5.57,284.63,barley
119,80,7,17.11,16.4,8.28,262.36,barley
58,86,96,23.27,79.76,6.51,181.38,sugarcane
120,140,105,27.15,88.53,5.09,228.65,wheat
90,17,16,38.72,58.9,8.59,267.63,millet
62,122,147,44.37,34.2,4.19,98.47,maize
135,117,33,31.78,53.06,8.82,53.02,rice
119,120,74,34.13,25.14,8.07,46.53,millet
51,41,19,19.13,75.82,8.26,170.07,barley
62,32,83,25.84,86.37,6.2,285.48,sugarcane
67,90,11,22.01,33.91,8.79,293.51,millet
9,41,103,26.23,12.22,4.29,193.59,millet
77,90,76,36.2,20.86,6.45,71.66,maize
131,137,101,38.16,65.46,4.24,41.99,maize
0,9,95,18.39,45.14,6.59,185.29,sugarcane
129,119,108,18.11,72.76,8.14,243.81,wheat
102,127,133,17.04,81.71,6.58,94.51,barley
118,10,123,13.96,51.56,7.12,176.98,sugarcane
43,27,66,20.71,16.15,5.06,288.0,millet
39,20,128,14.99,83.79,5.99,244.79,cotton
81,130,23,23.25,44.38,4.87,174.57,sugarcane
149,102,126,28.81,85.66,7.69,104.48,rice
131,146,32,11.23,86.79,8.21,186.09,cotton
72,60,131,24.21,44.39,7.78,41.23,sugarcane
86,124,17,29.85,89.98,5.37,228.8,barley
1,109,106,14.22,28.84,6.8,281.05,maize
117,127,75,36.21,34.45,8.69,229.99,maize
51,11,139,27.41,60.87,6.87,45.83,groundnut
81,85,118,39.88,54.38,7.26,282.15,sugarcane
84,125,49,31.73,47.56,5.91,42.89,millet
36,109,35,26.19,38.76,7.15,154.23,wheat
126,141,50,16.33,32.64,8.03,156.07,rice
20,85,50,10.69,43.82,5.29,223.79,barley
32,57,148,28.54,66.66,4.67,272.29,rice
40,103,12,14.04,53.97,8.64,273.84,cotton
78,82,128,38.0,41.32,6.56,278.74,maize
9,110,64,37.76,29.44,8.86,131.09,barley
37,64,137,40.12,25.19,8.65,288.51,groundnut
95,2,29,44.83,67.33,8.66,155.55,barley
53,42,106,35.73,54.36,7.84,140.34,wheat
135,62,90,42.71,37.16,4.65,276.77,rice
33,28,106,14.17,72.49,8.23,244.07,barley
21,53,9,36.05,34.17,5.42,107.87,cotton
20,74,145,33.37,75.28,4.39,109.0,rice
76,102,115,28.67,77.6,7.79,234.87,rice
63,28,40,39.55,59.99,7.66,37.62,sugarcane
138,17,35,20.98,67.34,6.41,29.49,cotton
136,113,44,22.34,28.12,6.11,112.0,maize
148,95,26,12.35,52.27,8.44,116.0,wheat
133,132,104,12.74,64.3,8.32,126.19,barley
76,84,7,31.78,46.93,5.65,84.51,maize
133,78,106,34.07,74.55,8.61,116.69,sugarcane
56,32,48,30.33,84.54,4.61,165.52,wheat
117,24,124,33.52,85.4,6.08,237.51,groundnut
114,5,97,41.58,33.09,7.01,80.75,wheat
145,66,130,13.5,30.43,8.33,92.08,maize
7,8,147,12.03,69.65,8.04,61.02,barley
36,149,10,37.29,56.17,6.77,237.6,maize
30,89,50,15.66,44.21,5.13,55.71,wheat
86,107,68,38.06,59.4,6.2,128.1,sugarcane
43,102,12,38.05,83.4,8.36,104.53,maize
122,42,9,42.86,51.53,6.14,250.2,maize
79,27,140,11.45,48.36,4.1,38.99,millet
76,115,110,15.4,31.57,5.84,287.9,wheat
98,120,25,26.29,71.03,8.03,255.67,rice
6,147,55,22.27,17.88,7.3,92.15,groundnut
69,115,64,21.59,42.16,5.5,179.71,wheat
17,84,73,29.89,54.85,7.24,163.48,wheat
94,65,93,44.78,18.8,5.63,209.34,groundnut
19,25,86,10.95,74.33,6.51,160.87,maize
99,20,125,21.15,42.32,6.39,270.47,cotton
23,97,8,28.23,25.33,7.14,194.57,rice
32,145,113,15.04,40.37,8.23,168.33,barley
78,144,81,13.4,41.89,4.66,232.24,cotton
42,123,12,35.1,59.43,4.02,276.52,maize
147,77,147,14.21,31.52,6.77,219.49,barley
23,1,23,29.52,25.03,6.01,269.54,barley
82,47,126,24.59,54.99,6.18,60.44,maize
117,23,51,42.89,22.63,6.31,150.87,wheat
86,91,62,42.08,77.62,5.91,188.49,wheat
68,34,87,42.17,15.86,6.21,209.94,millet
96,141,112,29.15,24.47,5.29,114.68,millet
121,98,130,19.89,12.17,8.61,77.39,groundnut
129,149,95,18.91,31.3,4.83,171.11,groundnut
53,5,36,14.51,87.76,6.65,202.5,sugarcane
94,14,75,43.31,63.44,6.32,298.03,maize
20,115,147,19.9,55.84,4.39,165.48,barley
17,102,77,37.89,80.21,6.96,172.0,millet
83,26,121,41.41,48.29,7.62,177.75,barley
85,109,80,20.56,14.14,7.43,202.98,sugarcane
74,128,145,26.95,27.95,5.6,249.71,cotton
124,138,29,13.23,56.35,8.72,143.42,cotton
104,73,16,40.98,30.07,8.9,285.91,maize
81,64,79,19.26,88.27,7.82,231.75,cotton
103,98,118,28.63,63.35,5.78,180.5,wheat
136,146,79,41.86,72.43,7.9,109.08,sugarcane
54,143,47,32.3,19.65,4.2,212.63,sugarcane
77,14,91,24.22,53.06,6.73,210.37,barley
52,1,38,33.39,75.8,4.12,181.75,millet
83,95,53,43.53,17.51,5.45,244.21,groundnut
66,138,136,23.77,11.37,4.95,284.15,maize
90,11,70,38.32,72.5,5.46,114.27,cotton
17,92,108,23.21,22.96,8.84,144.96,rice
16,26,9,27.71,52.68,8.32,100.75,wheat
140,5,15,22.64,80.39,7.88,172.78,barley
132,149,29,36.51,23.42,4.46,164.03,millet
130,145,47,11.86,50.55,7.23,84.11,barley
87,45,6,17.4,89.85,4.44,102.31,groundnut
68,112,95,29.53,87.28,7.56,275.79,maize
85,123,130,21.99,23.26,5.75,176.13,rice
76,10,134,25.86,23.19,6.76,240.69,cotton
26,63,30,36.69,39.78,7.58,162.71,millet
9,43,82,41.54,38.01,7.23,37.71,millet
124,89,99,15.38,19.7,8.3,278.47,wheat
23,89,9,39.43,53.02,7.72,294.64,cotton
56,23,93,39.44,56.09,8.35,106.99,maize
42,27,44,22.83,39.09,5.84,172.37,rice
40,80,120,11.91,39.58,5.05,99.76,cotton
85,93,130,29.99,10.8,4.79,208.75,cotton
27,18,142,37.09,55.01,8.08,74.48,wheat
101,119,16,39.69,35.59,6.35,175.99,rice
12,3,15,14.74,14.2,5.95,91.22,groundnut
42,114,102,10.75,59.74,4.33,147.53,wheat
71,144,50,40.64,19.3,4.85,127.31,millet
111,16,117,16.48,65.49,4.37,137.93,groundnut
70,46,84,16.06,66.74,5.79,166.8,sugarcane
43,5,123,16.75,36.52,7.15,174.08,barley
129,124,79,25.26,27.39,7.18,263.22,cotton
100,20,39,32.66,33.77,4.56,24.9,maize
149,43,19,23.55,73.43,7.64,110.17,maize
124,53,122,23.61,29.2,7.95,120.93,maize
8,44,90,34.15,81.84,8.81,164.51,cotton
0,57,127,43.14,72.62,5.57,279.92,maize
80,44,143,27.16,44.42,5.57,259.55,barley
43,61,5,16.91,41.88,5.78,280.86,wheat
89,37,51,11.81,37.5,8.03,107.08,rice
2,60,108,25.83,10.01,4.13,160.15,wheat
131,71,71,18.96,73.75,8.93,254.7,barley
73,17,113,25.88,63.98,6.86,36.83,barley
74,67,121,40.54,29.44,8.35,289.59,maize
132,110,77,36.94,61.16,7.89,280.9,sugarcane
49,130,86,19.06,31.71,4.63,283.89,cotton
125,117,98,17.59,62.7,4.8,124.99,barley
139,33,110,25.59,47.24,7.01,195.19,wheat
61,48,85,43.51,87.73,5.02,258.59,wheat
1,67,39,19.29,49.22,7.29,235.65,sugarcane
84,53,127,38.93,30.19,8.9,267.04,wheat
66,125,127,41.93,69.04,8.81,231.07,cotton
95,128,0,22.98,41.62,6.58,168.69,sugarcane
67,11,92,43.43,15.23,5.15,276.28,cotton
21,71,134,11.29,37.98,6.45,122.15,barley
145,40,17,36.12,87.62,7.57,188.68,barley
3,86,145,32.37,65.45,4.11,236.21,millet
18,10,10,10.03,54.25,8.31,234.79,barley
137,61,15,16.97,12.77,5.35,100.84,cotton
150,64,117,18.08,28.1,8.38,198.05,cotton
60,22,35,15.6,36.22,5.28,29.0,sugarcane
60,122,3,28.86,29.33,8.46,145.85,sugarcane
112,65,71,24.29,53.73,7.03,40.74,cotton
0,68,91,44.5,35.47,6.07,168.5,millet
15,24,81,28.2,39.67,7.42,36.49,barley
149,14,134,35.41,53.99,4.19,169.13,millet
103,46,125,37.31,72.78,4.09,47.96,cotton
134,91,30,16.89,17.92,6.31,69.71,barley
141,135,17,36.87,75.64,6.02,293.77,cotton
55,6,37,10.97,48.25,7.6,166.72,cotton
53,103,47,43.88,85.96,7.91,38.46,maize
14,134,84,25.34,69.58,7.52,243.06,millet
93,144,55,33.93,85.17,7.2,211.67,groundnut
3,138,87,40.04,62.63,5.61,200.03,millet
144,24,122,19.04,14.5,4.28,144.8,rice
114,50,43,32.65,39.38,8.45,105.7,groundnut
34,85,58,22.71,13.34,7.61,22.11,barley
85,146,142,17.79,39.25,4.35,265.26,millet
18,142,90,11.0,79.22,6.36,76.07,wheat
52,85,82,38.46,42.7,4.88,260.14,millet
66,148,88,32.89,13.3,8.75,268.18,cotton
91,94,122,38.21,60.5,4.14,199.01,wheat
134,95,8,31.76,60.78,5.5,43.96,cotton
49,35,30,15.61,55.58,8.03,147.94,rice
116,5,24,13.9,77.37,6.29,151.61,wheat
25,97,41,30.22,67.55,8.98,109.79,millet
56,41,88,20.41,10.78,7.3,223.92,groundnut
72,8,26,28.24,48.32,7.2,90.84,sugarcane
55,75,121,24.55,48.38,4.26,131.47,barley
5,139,19,34.52,43.47,6.25,190.34,sugarcane
5,114,1,31.93,87.38,6.25,115.78,cotton
48,44,113,26.67,32.1,7.59,216.29,sugarcane
137,129,111,34.91,76.28,4.73,177.58,sugarcane
20,95,3,32.17,72.49,6.57,167.38,millet
133,42,105,11.68,36.21,6.31,123.23,millet
85,102,12,40.05,49.02,8.39,130.64,barley
102,72,92,32.4,82.75,7.73,27.9,wheat
91,6,47,12.32,15.15,4.11,92.42,rice
89,3,101,44.46,23.44,4.77,237.57,wheat
117,9,130,39.89,47.25,8.76,70.45,cotton
56,44,122,25.89,35.33,7.58,25.93,cotton
30,142,54,36.66,32.61,5.37,218.9,maize
83,16,106,40.33,40.62,6.09,23.07,maize
140,11,135,37.87,22.86,6.42,134.6,cotton
83,45,97,14.66,37.93,6.35,80.36,cotton
41,141,143,41.36,10.99,5.74,226.08,barley
111,13,6,18.28,78.55,4.71,277.16,millet
75,32,149,17.98,85.51,5.89,48.42,millet
111,37,76,29.38,73.5,7.32,189.95,millet
67,139,115,26.05,57.69,8.03,111.25,maize
140,14,130,34.22,71.92,5.88,106.18,millet
142,26,96,25.47,47.1,5.98,32.31,cotton
87,88,49,24.89,50.28,6.15,115.57,wheat
5,96,74,15.59,61.21,6.07,54.43,barley
142,31,26,44.42,38.34,7.94,198.23,cotton
6,102,126,13.39,64.58,5.24,109.21,rice
141,12,121,35.64,24.44,8.68,151.32,barley
24,120,51,30.94,44.92,5.76,160.11,maize
26,10,105,15.77,14.99,6.33,147.27,cotton
25,86,145,31.06,21.38,5.47,56.4,sugarcane
112,85,133,44.58,34.75,5.45,216.48,rice
32,67,61,13.04,37.39,6.21,168.36,maize
120,96,132,18.63,27.71,5.27,255.75,barley
121,135,102,38.31,62.04,4.32,245.65,sugarcane
27,99,28,10.69,35.4,8.35,190.47,barley
10,23,141,44.99,76.78,6.79,176.44,groundnut
76,107,148,22.15,50.97,5.5,165.21,groundnut
96,113,86,31.86,17.41,7.06,254.31,wheat
139,102,59,27.69,79.6,8.83,68.93,maize
67,85,30,16.28,40.77,7.55,127.05,millet
62,108,60,41.2,23.31,6.66,125.58,maize
78,92,48,31.72,25.32,5.78,179.96,maize
67,80,37,20.58,73.47,7.45,176.54,millet
17,38,145,27.66,68.64,4.21,225.36,millet
40,76,120,11.27,79.47,4.28,145.0,sugarcane
14,86,148,31.6,53.0,6.64,103.76,maize
129,39,133,15.64,23.38,7.46,68.9,millet
131,74,3,31.84,51.06,4.02,78.59,cotton
56,70,135,43.21,19.13,5.22,93.94,sugarcane
68,77,6,28.4,71.23,4.5,224.16,barley
147,23,132,42.45,33.4,5.47,111.87,cotton
142,95,118,13.96,32.59,6.14,258.74,sugarcane
48,113,98,36.91,71.35,4.3,126.53,rice
34,37,128,26.89,60.27,6.52,210.55,groundnut
33,62,84,11.56,65.1,8.02,210.11,groundnut
61,66,93,14.88,89.27,5.73,183.21,sugarcane
62,8,5,16.24,10.9,5.04,261.36,groundnut
68,83,39,33.03,11.36,4.57,241.27,cotton
75,60,66,28.87,45.21,7.89,204.09,wheat
113,69,119,10.5,32.13,5.43,33.8,wheat
116,106,88,18.89,24.83,8.24,208.76,groundnut
33,113,3,42.8,78.92,7.18,281.14,rice
48,104,70,12.53,69.0,8.69,75.25,sugarcane
25,51,72,31.58,65.07,6.06,101.36,groundnut
102,55,32,32.69,39.75,6.23,90.16,millet
3,57,121,21.63,18.37,4.46,245.77,cotton
136,142,66,21.77,53.3,4.08,285.14,cotton
9,41,112,35.68,82.12,6.51,112.61,sugarcane
6,92,9,32.99,29.16,7.46,170.52,wheat
28,94,29,11.36,21.81,6.44,252.6,cotton
5,100,55,31.9,83.9,5.98,299.96,millet
61,55,62,18.77,79.09,6.52,81.66,wheat
49,89,78,42.42,29.26,6.08,53.41,rice
47,4,126,19.78,10.56,8.36,37.74,maize
123,136,118,26.31,12.84,8.09,277.08,barley
115,5,98,42.98,32.49,8.15,49.8,rice
119,20,36,35.64,69.05,6.72,131.36,cotton
78,65,109,19.2,37.82,8.53,110.85,groundnut
47,129,86,34.36,44.94,7.36,151.39,cotton
128,118,115,22.76,45.61,7.86,282.2,sugarcane
19,138,114,41.32,85.14,7.62,268.11,barley
136,93,124,34.24,47.48,6.86,121.28,millet
32,97,118,21.29,16.29,7.84,62.37,sugarcane
36,103,116,11.18,14.31,8.26,93.25,barley
1,136,70,27.89,17.5,4.78,117.7,sugarcane
36,28,96,35.68,46.34,8.83,215.3,cotton
91,6,3,19.17,69.32,7.46,137.1,barley
120,91,68,33.81,30.92,7.38,131.46,barley
135,66,49,31.38,24.48,5.2,228.64,millet
150,26,118,27.05,49.01,5.76,86.49,maize
86,90,54,31.42,62.49,8.73,99.97,groundnut
103,147,147,42.62,27.04,4.43,156.13,sugarcane
42,113,133,11.26,72.88,4.7,229.29,groundnut
136,93,77,31.93,17.57,5.51,24.21,maize
1,90,122,25.04,40.76,8.28,283.26,sugarcane
42,25,19,14.58,85.15,8.43,91.36,cotton
4,11,61,42.89,60.57,7.37,20.62,rice
61,114,24,44.91,74.1,8.46,192.41,sugarcane
148,32,136,22.27,87.42,6.71,51.08,millet
138,146,91,20.05,82.21,4.14,262.9,groundnut
144,53,134,18.51,74.86,8.69,256.01,groundnut
79,37,57,31.18,74.05,8.47,262.04,sugarcane
18,116,52,36.95,83.18,7.65,40.11,groundnut
140,61,17,15.14,11.4,8.21,240.41,wheat
32,51,142,31.76,73.83,7.93,145.5,barley
99,58,102,42.49,32.95,4.75,32.06,groundnut
38,83,85,19.13,28.43,8.12,194.94,groundnut
117,136,75,33.31,69.55,6.23,85.11,cotton
128,130,129,35.98,59.24,5.77,86.33,millet
105,91,11,26.96,63.7,4.8,198.11,groundnut
123,6,82,18.34,42.47,6.23,249.85,rice
65,45,16,31.77,39.32,7.91,196.1,rice
21,71,31,27.47,88.36,4.93,141.26,barley
139,91,99,16.05,50.99,6.9,61.27,barley
76,52,132,43.71,66.26,8.13,165.98,sugarcane
87,7,144,30.48,65.05,7.66,207.43,groundnut
126,105,29,24.73,62.44,8.21,250.99,barley
82,126,0,28.06,81.09,8.44,292.76,barley
16,120,149,22.78,57.76,7.95,34.59,cotton
6,54,143,36.86,41.86,4.28,243.65,wheat
142,24,44,44.56,37.71,4.98,194.74,cotton
127,2,60,29.79,12.82,6.77,248.85,millet
96,116,56,39.17,55.94,8.04,30.37,barley
81,132,107,18.88,67.01,7.53,163.09,sugarcane
75,35,102,24.17,85.84,7.3,104.84,millet
79,140,135,39.95,21.67,4.21,264.93,wheat
96,129,22,11.35,28.0,4.86,274.2,wheat
6,73,1,33.66,78.18,7.36,195.4,millet
39,50,100,21.86,49.56,7.66,99.1,barley
95,39,56,29.68,81.59,4.47,154.55,sugarcane
48,72,74,33.81,81.52,7.58,265.34,maize
107,97,91,34.24,26.77,5.45,235.14,cotton
17,0,103,31.36,33.49,8.71,291.88,wheat
42,142,18,18.85,82.07,5.6,218.67,millet
137,102,135,10.6,21.93,4.21,169.92,barley
33,103,123,35.63,23.75,4.11,95.33,barley
79,48,26,32.47,67.99,7.35,268.93,groundnut
102,83,124,19.77,13.6,4.29,26.66,cotton
133,107,4,43.28,83.84,7.66,35.64,sugarcane
14,44,116,36.72,53.56,4.36,109.88,sugarcane
148,146,109,17.74,80.52,5.68,196.91,barley
130,79,132,35.2,53.54,7.55,193.02,maize
92,132,109,34.61,45.25,8.19,194.76,sugarcane
48,7,111,23.66,48.58,8.55,144.93,millet
73,6,30,37.5,51.14,4.61,105.64,wheat
61,10,85,20.32,44.31,4.78,262.76,groundnut
85,142,77,18.58,53.55,8.9,201.06,sugarcane
130,128,62,27.41,82.44,5.43,239.3,wheat
70,105,20,11.78,74.94,5.49,272.13,rice
0,59,92,37.27,36.76,4.58,213.65,wheat
100,124,96,25.28,35.7,5.73,175.2,maize
78,122,78,28.5,43.08,6.24,45.74,cotton
132,41,32,17.91,89.09,8.93,166.39,millet
134,18,6,23.26,15.85,5.38,255.88,barley
88,93,27,11.26,84.67,5.7,295.68,millet
24,115,31,32.35,40.94,8.44,135.93,millet
132,107,87,25.37,69.24,6.26,79.37,millet
55,118,120,33.27,51.25,6.1,277.53,sugarcane
119,13,145,39.24,45.91,5.97,211.25,sugarcane
15,140,14,43.99,45.49,6.65,248.05,cotton
40,135,94,44.58,25.35,5.72,106.33,sugarcane
109,52,28,43.53,63.18,5.91,50.09,barley
108,60,59,33.41,59.55,5.31,26.13,rice
111,39,109,32.97,41.53,8.4,259.82,cotton
54,13,79,26.87,62.04,8.06,185.66,millet
54,127,146,20.69,51.91,6.7,135.87,sugarcane
28,47,106,33.74,20.25,4.71,172.15,barley
26,81,134,26.62,43.75,4.1,114.52,wheat
120,120,116,20.95,43.93,8.14,91.84,maize
72,25,10,36.64,61.08,7.87,238.35,barley
89,150,96,22.04,18.49,4.38,46.85,sugarcane
27,37,71,26.53,69.02,6.52,274.33,barley
112,90,80,43.17,86.49,5.69,94.92,wheat
102,50,74,32.98,12.66,6.97,286.95,maize
146,96,28,25.78,80.55,8.98,221.73,maize
77,123,45,14.31,36.3,4.29,111.55,cotton
63,19,115,37.01,17.54,8.52,298.95,wheat
84,125,9,17.01,31.54,6.6,42.77,barley
27,79,13,33.96,23.4,6.22,187.64,sugarcane
9,43,86,41.08,56.22,4.71,108.86,rice
71,7,51,39.06,78.71,8.11,174.2,groundnut
97,41,60,23.2,75.12,6.46,288.99,rice
17,3,58,16.38,82.52,8.18,108.34,sugarcane
123,51,45,11.33,26.21,7.55,73.1,maize
35,134,56,42.59,29.21,4.89,209.48,sugarcane
64,39,26,40.15,53.87,6.8,31.41,barley
59,139,77,14.05,10.05,4.61,155.03,sugarcane
46,72,145,38.73,46.51,6.33,134.44,rice
94,93,142,10.02,19.71,7.88,20.29,cotton
43,32,75,30.92,65.75,5.29,212.74,rice
149,57,55,37.0,30.94,7.24,163.13,wheat
133,113,19,18.35,46.39,6.59,234.99,barley
25,34,100,13.66,24.78,8.11,211.62,groundnut
147,65,137,18.76,20.61,4.94,267.65,sugarcane
119,19,133,27.41,71.07,6.16,30.24,wheat
37,43,109,34.25,83.51,4.47,233.31,millet
25,136,53,20.78,88.97,4.74,206.98,maize
67,61,139,23.97,57.66,4.0,69.1,cotton
147,101,77,16.27,89.44,5.92,111.97,barley
106,147,23,34.53,45.69,5.92,129.7,wheat
73,139,16,19.18,33.58,7.94,238.99,maize
0,68,64,29.63,49.3,5.0,126.63,barley
9,129,4,40.07,64.1,4.99,96.96,maize
33,41,3,31.7,22.91,7.83,193.53,millet
21,88,121,25.56,75.98,4.11,101.96,millet
124,73,1,19.4,78.81,4.16,274.97,barley
75,83,29,18.0,70.54,5.35,36.94,barley
50,2,36,41.29,75.1,7.42,77.31,cotton
73,38,69,21.08,48.82,7.54,132.27,rice
141,104,115,25.54,27.9,8.55,197.03,sugarcane
3,77,87,35.97,84.7,4.65,245.35,sugarcane
17,46,139,38.61,45.86,8.33,203.07,sugarcane
82,14,29,37.99,18.54,6.33,157.75,maize
14,62,25,22.71,10.23,5.81,242.15,maize
103,144,148,16.43,25.84,8.02,168.59,millet
59,58,145,13.79,29.28,6.05,239.98,maize
49,34,42,21.44,12.13,7.01,269.39,barley
10,125,65,33.52,37.49,5.54,40.71,rice
44,0,148,39.03,57.03,7.51,23.65,rice
118,30,133,14.61,81.99,6.01,143.68,wheat
116,64,27,31.09,17.29,5.04,181.01,barley
107,117,110,27.33,60.07,6.43,295.57,barley
141,42,90,41.85,37.67,8.97,128.15,cotton
38,80,14,34.13,48.95,6.16,216.57,cotton
89,146,65,23.63,59.83,8.22,63.23,wheat
110,81,74,36.96,47.93,7.33,29.83,barley
48,27,144,38.08,37.52,6.08,248.64,wheat
109,135,13,27.63,59.68,8.84,186.25,millet
20,140,33,27.07,74.98,4.43,177.43,cotton
22,53,18,42.05,50.29,6.78,137.04,maize
48,48,121,40.99,82.23,7.4,70.42,wheat
137,72,143,10.88,14.75,8.82,253.0,barley
61,38,23,17.34,77.34,5.31,238.09,wheat
101,8,20,22.25,72.32,4.17,225.16,millet
12,46,83,40.21,46.33,8.35,53.8,rice
5,95,136,24.97,60.28,8.22,209.27,sugarcane
30,18,120,37.04,54.62,5.06,84.58,groundnut
96,98,0,14.26,70.09,4.45,96.16,rice
100,85,108,36.59,86.7,4.98,268.99,millet
2,66,49,10.13,42.13,4.24,32.39,cotton
91,91,134,26.15,14.93,7.22,274.98,cotton
84,11,7,34.55,69.25,7.33,256.37,millet
4,59,6,31.49,45.08,8.72,120.54,groundnut
102,128,119,24.87,51.33,8.52,233.91,maize
62,81,45,44.46,56.05,7.34,100.25,barley
122,86,16,43.09,63.36,5.36,246.22,wheat
144,42,119,10.45,48.03,6.64,115.85,rice
59,29,49,18.66,67.12,8.17,183.5,groundnut
138,16,45,29.39,17.16,6.32,147.26,rice
11,133,25,18.22,32.85,5.8,183.02,millet
74,24,114,36.76,79.14,8.3,112.69,cotton
61,131,119,36.8,22.04,7.16,30.57,wheat
18,37,75,16.89,33.57,7.27,195.52,groundnut
102,90,94,13.77,84.75,5.68,128.82,maize
68,138,57,27.24,26.97,4.94,258.86,rice
136,24,44,24.21,78.11,7.99,251.13,wheat
30,60,145,20.92,33.56,6.87,91.84,rice
115,89,84,13.76,46.09,4.28,28.04,groundnut
113,128,119,10.02,14.15,7.88,82.98,millet
121,144,42,16.45,40.77,7.67,268.28,cotton
132,133,35,14.94,53.22,4.7,163.05,groundnut
107,146,3,18.34,78.31,7.29,282.85,groundnut
115,51,5,19.14,31.88,7.51,264.91,groundnut
86,132,74,42.98,87.14,8.25,164.43,rice
24,93,104,32.51,42.91,5.28,140.66,rice
128,110,147,35.17,49.23,5.52,38.44,millet
0,9,122,29.94,25.83,8.03,150.26,sugarcane
141,109,95,22.69,34.56,8.22,166.3,sugarcane
123,33,106,31.9,71.92,7.31,74.15,sugarcane
78,134,5,17.33,74.74,5.71,89.96,groundnut
69,2,99,44.78,16.36,5.95,190.51,cotton
53,117,125,17.51,83.88,7.99,297.64,groundnut
73,143,131,40.14,14.7,5.25,273.36,groundnut
135,13,139,37.64,66.46,5.52,275.87,cotton
134,17,29,25.67,57.75,4.42,103.07,rice
10,12,100,29.67,44.52,6.12,246.53,maize
100,138,24,20.85,78.82,6.59,77.68,sugarcane
93,135,67,19.48,53.14,8.26,159.74,cotton
146,87,130,38.56,62.24,7.22,166.15,cotton
117,24,148,37.69,75.17,8.19,197.68,wheat
147,147,25,23.21,42.53,5.41,115.11,sugarcane
44,143,108,24.14,56.02,8.37,173.02,groundnut
18,50,33,26.26,89.86,7.22,147.72,millet
35,88,13,35.76,57.06,6.3,224.2,barley
117,57,42,44.75,62.06,5.17,46.96,cotton
104,95,14,34.46,54.82,8.85,78.78,wheat
95,104,3,18.51,70.75,6.75,265.54,groundnut
140,119,94,16.5,85.42,5.9,268.66,cotton
17,85,146,32.7,23.79,4.54,205.87,barley
45,73,31,17.48,20.15,8.25,224.15,cotton
48,118,110,11.85,33.92,6.49,276.63,maize
123,63,12,43.94,26.37,4.7,23.35,wheat
110,52,126,41.85,88.83,5.29,277.87,sugarcane
124,115,120,23.59,15.59,8.28,286.18,rice
49,6,3,27.42,60.83,6.18,233.27,millet
103,10,98,17.22,70.71,7.3,223.39,maize
137,142,115,21.1,47.88,5.51,122.99,wheat
47,31,139,15.39,83.74,7.68,254.92,rice
57,142,33,40.92,54.84,6.85,154.31,cotton
143,9,92,13.35,10.79,7.94,171.83,rice
119,135,117,14.78,87.48,6.81,116.77,wheat
115,51,89,42.05,44.28,4.59,189.45,wheat
105,90,148,28.11,20.25,5.22,96.75,wheat
62,99,46,12.54,17.84,4.33,240.07,sugarcane
18,106,135,39.27,38.27,6.08,250.62,rice
32,97,32,35.6,58.4,4.06,74.41,rice
116,79,53,44.1,42.53,4.4,46.29,cotton
89,108,64,13.31,42.88,4.53,265.95,groundnut
5,67,131,24.36,61.82,4.46,266.97,millet
123,74,84,10.15,67.8,8.49,150.06,millet
97,75,89,38.97,12.73,7.22,116.75,maize
55,70,8,31.32,50.82,5.21,215.74,wheat
132,112,79,44.11,38.46,8.37,33.53,wheat
132,15,21,37.93,71.29,6.84,155.33,wheat
85,97,95,40.02,48.86,7.15,272.23,maize
145,135,141,30.28,62.62,5.15,239.53,millet
103,86,121,29.01,44.97,6.67,46.9,rice
113,95,74,33.13,48.12,6.27,23.0,rice
145,75,25,10.31,14.39,6.76,252.43,rice
100,114,129,40.67,73.69,7.87,244.81,maize
13,86,127,24.95,21.72,4.06,212.0,cotton
40,143,15,28.33,41.44,8.06,253.89,groundnut
59,125,147,44.07,58.76,4.46,190.83,cotton
117,56,108,42.58,38.59,8.75,37.67,barley
12,38,56,26.48,16.09,4.42,212.48,rice
69,32,117,24.46,16.44,5.54,177.26,sugarcane
76,64,138,43.08,49.97,8.07,20.92,sugarcane
12,111,19,35.54,25.65,7.27,118.91,groundnut
23,25,64,24.39,76.0,5.08,230.79,millet
22,35,67,21.77,36.63,5.4,297.09,rice
16,23,58,23.09,26.88,5.85,98.32,cotton
149,24,36,16.4,54.58,5.01,160.62,barley
88,104,16,22.08,15.68,7.08,192.11,cotton
11,78,128,38.5,76.36,8.98,42.27,millet
124,77,113,28.23,74.3,7.61,22.87,groundnut
54,140,149,22.51,41.99,4.9,292.59,wheat
65,40,73,39.19,68.9,5.42,158.15,rice
3,79,115,20.35,55.32,4.03,293.11,maize
114,88,35,40.89,68.64,6.08,281.24,barley
25,119,42,25.88,34.69,7.87,260.11,rice
36,83,131,11.5,10.92,4.1,186.2,cotton
75,22,120,31.32,85.45,7.77,237.5,millet
1,40,102,24.44,72.74,5.85,85.69,rice
76,33,63,18.06,57.6,7.75,178.79,wheat
142,117,128,39.97,13.65,4.52,247.3,rice
47,14,112,29.8,82.04,7.09,66.67,cotton
51,33,144,42.74,30.37,6.9,232.05,cotton
145,30,118,33.62,89.65,4.72,234.43,cotton
62,99,75,25.0,25.66,4.41,297.07,millet
123,117,114,39.98,26.45,5.32,215.59,millet
77,52,140,29.04,47.2,5.19,248.14,maize
66,123,8,16.16,84.21,4.23,98.74,sugarcane
130,14,71,39.86,83.59,6.22,39.47,millet
92,31,5,36.54,31.4,6.45,247.16,cotton
36,114,100,31.66,35.28,4.23,216.15,groundnut
60,52,110,33.24,71.88,8.02,295.67,cotton
44,55,69,21.18,75.9,7.67,279.8,millet
100,116,42,39.72,47.37,8.85,89.41,wheat
50,58,69,17.08,81.25,7.14,207.0,maize
81,33,42,11.02,48.7,6.36,219.12,cotton
130,108,123,21.73,55.69,4.39,121.39,groundnut
64,23,8,35.17,62.72,6.63,241.1,rice
100,7,90,25.89,65.16,8.87,202.78,maize
63,89,52,39.3,87.47,8.98,217.01,rice
48,74,4,18.94,34.01,7.28,172.49,wheat
64,126,40,12.41,40.31,5.58,142.22,millet
22,127,131,19.36,58.41,8.79,178.37,millet
53,2,150,17.58,15.01,5.61,209.63,sugarcane
56,69,144,34.17,15.21,5.15,242.64,cotton
108,114,59,16.34,77.75,4.59,122.46,wheat
111,117,26,21.29,57.04,5.66,275.04,sugarcane
20,30,74,43.38,57.56,6.34,151.99,cotton
56,0,143,43.22,20.74,7.41,117.5,barley
101,73,9,44.02,31.84,5.64,287.74,barley
74,66,71,13.29,24.34,7.23,185.55,millet
70,26,131,15.4,68.94,5.15,121.57,cotton
82,136,72,36.69,46.88,8.24,267.21,maize
141,15,23,30.72,38.12,5.83,280.29,barley
30,76,104,30.76,71.62,6.64,110.35,wheat
84,88,36,11.47,81.07,7.89,200.44,rice
31,16,123,31.2,84.92,6.7,175.4,wheat
6,141,88,30.49,11.56,8.13,74.0,barley
121,126,87,10.29,69.32,5.35,84.06,wheat
69,120,44,32.71,60.86,7.51,111.04,rice
55,131,100,18.7,50.63,6.92,55.2,barley
78,80,13,24.64,74.8,7.29,84.19,maize
14,126,21,37.93,29.94,7.94,73.08,maize
11,41,79,42.83,59.85,7.93,215.33,cotton
145,109,110,29.6,39.53,8.8,102.06,millet
79,113,62,23.16,11.14,8.04,195.03,wheat
145,91,0,34.19,51.68,6.2,93.6,barley
105,26,36,15.98,59.87,8.44,188.72,groundnut
113,38,100,28.69,43.28,5.62,48.52,rice
130,148,2,41.53,30.85,4.84,194.78,wheat
27,136,7,35.77,23.43,4.27,165.04,sugarcane
41,49,147,26.02,77.18,4.62,167.54,rice
127,69,141,11.36,45.97,5.83,164.2,groundnut
12,44,68,42.05,81.35,4.9,96.27,wheat
14,78,100,13.74,37.89,4.92,230.58,cotton
144,91,90,15.71,79.66,6.08,190.13,maize
5,135,145,32.97,51.45,7.24,110.08,sugarcane
74,96,99,15.38,15.35,8.75,27.87,groundnut
62,127,73,38.51,40.14,5.87,235.45,rice
101,42,77,21.09,56.48,5.46,227.45,cotton
103,143,78,16.8,46.98,5.51,170.03,millet
76,123,43,29.07,41.3,8.95,191.67,sugarcane
113,70,44,21.79,46.3,7.83,177.05,millet
20,55,54,23.49,45.39,8.8,88.69,sugarcane
91,23,27,33.14,81.15,5.1,264.25,cotton
132,60,76,38.64,38.41,4.55,276.24,groundnut
95,131,21,39.93,81.92,7.35,38.66,groundnut
59,49,116,43.93,61.46,4.64,46.15,barley
24,12,150,12.97,60.58,8.57,49.03,sugarcane
44,74,147,18.69,26.05,8.19,231.48,rice
35,51,86,12.76,53.16,6.54,125.21,wheat
33,45,89,16.95,44.4,7.58,97.22,barley
40,101,21,28.53,51.9,6.37,129.17,groundnut
129,127,125,18.39,14.47,4.54,35.32,maize
27,63,94,30.47,24.87,7.07,223.29,barley
72,111,114,37.38,63.39,5.69,280.16,barley
141,107,60,27.85,73.35,8.47,154.67,millet
53,39,109,10.81,47.92,8.41,233.89,maize
27,34,78,11.42,47.16,8.8,194.3,barley
132,8,33,37.61,12.32,6.74,29.4,sugarcane
82,16,137,28.11,11.96,6.67,42.91,sugarcane
41,141,93,22.84,67.17,7.6,295.89,sugarcane
92,123,138,33.42,26.19,6.85,156.79,barley
16,15,99,36.03,72.01,5.2,237.53,groundnut
127,34,38,37.41,74.46,5.76,87.24,wheat
133,92,1,30.68,54.81,7.77,76.31,maize
129,50,139,38.25,47.35,4.93,263.34,barley
46,102,91,45.0,64.55,6.37,129.53,millet
112,140,23,33.89,10.88,6.68,73.03,cotton
117,85,68,24.68,10.8,4.77,101.32,millet
71,126,33,24.47,32.73,8.8,276.58,millet
19,16,17,10.47,81.9,4.87,186.38,barley
19,54,8,44.7,28.38,5.77,182.82,wheat
11,0,118,17.02,51.14,7.8,75.81,rice
62,112,127,28.85,55.88,7.77,121.95,maize
106,26,62,41.98,73.66,8.75,86.52,rice
45,5,3,41.96,82.88,7.24,30.71,barley
32,111,66,16.8,57.23,5.59,87.81,groundnut
97,15,68,31.14,64.05,5.11,47.86,sugarcane
75,122,76,22.95,42.41,6.34,243.38,rice
116,123,130,23.47,33.16,7.18,211.76,groundnut
68,143,41,12.37,19.65,6.91,100.14,rice
118,102,66,24.05,41.66,4.42,263.62,wheat
56,124,149,15.65,57.09,7.82,232.24,barley
13,95,129,15.08,48.68,5.33,222.42,wheat
57,138,45,43.91,88.07,8.16,126.61,sugarcane
22,9,68,32.78,66.54,6.88,111.18,sugarcane
135,63,101,16.58,48.48,8.84,76.11,groundnut
40,26,19,35.72,55.22,8.22,149.64,barley
132,98,94,11.47,45.79,6.95,69.7,cotton
12,38,107,38.3,72.15,7.39,286.05,cotton
108,60,19,24.18,22.41,4.7,155.31,maize
55,150,135,39.29,83.09,5.84,245.32,barley
46,124,66,21.22,71.59,4.73,228.88,millet
108,96,149,33.11,14.53,4.83,35.41,rice
86,21,54,30.05,24.36,5.36,257.44,wheat
18,22,113,28.96,86.87,7.53,299.39,sugarcane
35,102,51,28.71,41.48,8.7,262.81,groundnut
139,144,88,28.37,57.86,6.36,181.93,millet
38,61,98,34.72,77.49,8.83,194.7,wheat
82,71,149,38.84,42.44,7.52,25.51,barley
141,38,77,33.0,52.19,5.97,295.77,rice
93,70,77,17.38,68.44,8.1,60.53,groundnut
39,86,143,23.99,54.81,7.35,53.52,rice
22,33,139,41.22,21.45,6.44,281.88,sugarcane
108,144,42,27.74,76.47,6.35,24.52,rice
38,96,148,33.85,72.51,7.09,51.68,maize
52,12,109,39.64,58.84,5.57,218.46,barley
57,12,120,37.3,75.48,6.46,63.56,wheat
79,136,131,11.41,71.09,5.12,66.37,rice
114,128,73,23.93,18.61,7.49,237.53,sugarcane
54,40,140,39.19,53.65,5.44,72.83,millet
27,107,56,15.06,88.31,6.4,87.29,millet
16,98,14,20.56,81.38,6.96,264.42,sugarcane
29,95,6,11.69,85.79,6.11,91.3,cotton
124,108,117,16.93,36.98,4.17,83.18,rice
88,129,118,35.72,15.67,4.12,173.13,wheat
53,68,32,28.67,23.5,8.92,32.51,rice
30,135,23,42.18,70.15,8.09,75.59,barley
43,38,86,34.81,81.1,5.58,112.7,cotton
3,93,74,14.79,65.17,6.75,295.82,rice
9,139,126,15.91,35.38,7.59,156.55,cotton
130,98,85,12.12,42.52,8.51,230.29,cotton
10,56,66,13.37,48.71,4.52,148.46,barley
25,122,77,43.76,71.46,4.84,209.15,cotton
71,149,75,11.15,40.03,8.79,295.12,cotton
111,149,50,41.11,80.39,8.93,110.92,cotton
94,57,6,28.28,79.42,8.47,91.36,cotton
84,40,114,31.36,25.77,5.86,195.39,millet
127,8,145,29.24,74.15,6.47,130.75,cotton
97,93,40,43.23,62.61,8.88,169.67,maize
112,18,130,27.82,20.73,5.6,245.1,barley
129,106,61,12.47,48.56,7.71,42.24,sugarcane
77,139,56,37.33,89.25,7.4,209.56,wheat
26,77,90,17.56,60.31,8.96,281.77,millet
109,4,133,16.78,88.73,7.45,119.36,groundnut
93,129,132,39.48,49.53,7.5,212.61,barley
8,81,104,42.78,47.73,4.81,85.85,wheat
102,113,23,19.62,89.71,8.43,265.04,sugarcane
97,79,70,22.56,25.31,4.39,193.81,sugarcane
112,3,146,41.74,14.27,6.26,181.17,millet
50,123,107,38.85,84.24,6.68,123.58,maize
101,133,76,13.83,37.81,7.97,31.53,rice
79,20,147,19.08,23.06,7.52,248.22,sugarcane
87,0,72,26.43,66.52,4.5,129.2,maize
133,128,67,26.11,16.61,8.51,188.92,sugarcane
65,109,135,28.1,57.72,5.0,106.51,groundnut
101,148,96,10.22,22.05,4.44,35.71,sugarcane
41,78,147,41.9,63.14,8.33,184.9,cotton
50,26,115,17.13,41.4,4.29,123.98,cotton
142,91,121,44.3,70.69,7.88,147.86,barley
104,126,120,15.24,63.73,8.41,31.05,maize
117,92,46,44.84,42.87,4.05,248.4,barley
11,71,10,39.95,61.13,6.35,83.54,barley
57,13,144,12.52,41.16,6.4,81.82,millet
50,104,41,23.54,47.46,6.35,98.98,sugarcane
69,147,11,22.98,51.92,6.32,156.05,millet
19,27,12,13.55,33.4,4.67,177.79,cotton
136,52,91,32.14,88.75,5.02,259.55,cotton
82,76,21,12.78,32.4,5.24,163.23,millet
13,16,16,23.87,40.86,4.03,269.94,millet
83,7,128,28.79,45.3,4.57,113.22,sugarcane
99,55,32,21.63,75.68,4.96,110.18,sugarcane
83,112,64,23.25,19.41,7.17,51.83,wheat
75,83,49,11.86,69.67,4.01,285.57,barley
95,136,105,12.45,40.05,8.9,34.5,barley
40,68,146,13.97,57.37,7.26,277.14,rice
12,35,129,29.56,26.0,8.47,282.12,cotton
24,80,10,18.67,71.95,4.55,77.65,cotton
45,91,56,44.67,77.64,4.94,259.76,millet
73,13,27,32.25,23.74,8.6,222.18,millet
33,80,37,13.98,71.28,8.01,153.93,groundnut
63,91,70,18.59,16.18,8.6,271.75,maize
128,123,95,19.09,30.79,4.49,82.64,barley
113,99,128,34.66,33.71,8.39,172.99,maize
49,143,148,24.4,36.54,8.39,75.19,maize
17,95,30,12.46,20.07,5.0,241.17,wheat
148,25,44,41.73,72.03,5.07,42.39,groundnut
72,110,85,15.35,67.61,6.99,233.04,millet
40,54,15,20.3,42.34,4.18,231.58,sugarcane
35,0,145,32.16,25.74,5.04,130.58,cotton
110,19,39,23.12,76.06,4.42,104.63,wheat
17,18,122,20.38,63.05,5.9,127.85,rice
8,115,51,12.85,75.87,7.95,103.31,sugarcane
86,92,92,15.04,69.19,8.72,130.19,rice
104,66,64,19.67,62.49,7.54,281.44,rice
51,81,63,20.3,44.49,4.97,87.19,rice
131,128,117,26.62,80.76,5.63,186.8,groundnut
104,120,135,36.11,78.18,5.8,176.2,barley
98,145,131,34.03,33.44,5.35,150.77,cotton
47,60,72,26.74,25.1,6.9,231.59,maize
100,115,22,38.62,13.49,6.5,150.08,barley
17,24,6,28.08,28.64,8.84,180.78,barley
86,7,88,36.9,21.8,7.92,175.06,maize
29,131,40,27.41,34.73,4.74,122.32,rice
27,123,1,37.65,11.37,7.7,213.94,groundnut
24,73,64,42.42,65.96,8.56,156.94,groundnut
87,39,99,19.08,68.01,8.22,61.57,maize
54,1,59,10.47,47.39,4.56,213.61,cotton
143,50,106,30.81,16.38,5.38,72.73,wheat
2,65,81,40.6,66.13,7.53,111.08,cotton
54,36,123,21.55,73.68,8.05,89.01,wheat
9,11,122,19.4,35.49,5.06,170.4,sugarcane
137,131,112,33.19,69.57,5.69,199.37,wheat
38,35,83,19.78,46.14,4.66,167.18,cotton
88,128,71,20.38,80.85,4.87,55.72,cotton
86,125,125,12.01,63.22,8.35,281.77,groundnut
4,79,124,23.35,52.72,4.12,219.05,wheat
88,35,133,29.11,66.76,6.93,38.85,millet
69,106,113,39.69,82.96,6.51,275.02,maize
40,101,99,43.95,41.44,8.44,53.88,wheat
136,52,139,44.1,66.49,4.84,163.31,groundnut
6,15,29,21.19,50.85,6.24,105.69,maize
99,142,93,26.31,81.99,6.26,159.12,barley
14,150,82,39.82,47.32,6.43,34.87,maize
141,99,142,18.15,19.96,6.95,145.03,sugarcane
122,24,76,13.19,20.37,5.72,196.78,groundnut
37,74,62,17.7,63.48,8.0,61.83,wheat
11,37,41,25.5,78.38,8.51,89.1,groundnut
55,85,129,23.07,79.2,6.05,140.69,wheat
93,142,101,39.28,82.92,5.47,60.24,wheat
11,98,136,15.46,32.22,4.46,121.85,cotton
149,118,94,35.93,34.99,5.7,133.81,cotton
2,22,116,13.97,62.06,6.9,148.15,millet
51,107,56,41.14,75.54,5.95,187.21,barley
139,80,76,20.3,78.37,7.66,60.31,groundnut
75,15,119,11.48,12.6,4.7,85.93,wheat
144,116,63,17.09,33.24,5.62,96.13,wheat
142,62,92,25.25,55.99,7.44,71.75,sugarcane
101,104,4,19.76,43.29,4.99,69.02,maize
16,48,76,19.0,74.49,8.16,151.84,rice
26,38,67,29.44,30.37,6.11,247.13,barley
93,24,127,31.99,79.3,5.31,75.09,maize
102,13,124,24.66,35.24,4.66,152.49,cotton
0,140,54,12.09,57.7,5.41,282.12,barley
150,81,53,20.04,64.98,5.19,164.47,rice
3,102,31,40.31,46.85,5.76,115.81,groundnut
95,8,123,36.53,40.69,4.28,260.59,barley
54,114,122,20.61,73.91,6.45,72.53,wheat
114,70,38,25.57,54.14,8.39,225.59,maize
45,70,31,15.77,61.79,7.06,30.07,maize
1,120,63,38.95,32.5,6.51,38.34,cotton
13,4,36,29.84,37.34,6.26,44.38,barley
20,21,92,25.09,13.07,6.83,179.23,maize
21,150,42,44.67,68.73,6.97,70.93,wheat
13,65,57,15.94,72.84,7.91,132.31,barley
68,117,101,10.55,35.42,7.88,234.25,groundnut
49,74,2,31.81,40.28,6.4,192.85,wheat
85,75,99,43.35,57.13,7.28,294.33,barley
70,12,26,16.44,84.78,5.54,265.5,wheat
123,5,139,24.55,74.34,5.56,70.86,rice
132,64,71,13.68,20.15,5.81,205.16,wheat
8,17,39,41.14,59.51,4.94,134.88,groundnut
94,125,96,31.22,23.61,5.19,204.86,maize
98,130,127,39.07,14.31,6.1,235.16,sugarcane
131,22,0,12.06,72.49,8.88,291.08,wheat
61,64,73,29.82,64.6,6.21,235.45,sugarcane
32,139,57,44.84,51.62,7.73,238.96,rice
129,97,21,38.61,43.9,7.11,35.17,sugarcane
54,144,24,29.35,50.43,6.38,100.55,maize
1,127,1,33.44,27.55,6.31,151.77,wheat
17,19,99,13.12,23.32,8.21,205.36,groundnut
35,30,92,30.58,21.64,5.54,74.24,wheat
16,113,131,39.37,76.84,6.13,153.89,sugarcane
142,34,146,12.39,30.79,5.31,80.08,barley
126,80,118,32.21,30.36,7.59,259.13,groundnut
114,67,81,12.25,83.49,4.13,251.26,groundnut
33,2,89,16.52,17.27,7.6,88.78,barley
81,135,58,36.46,21.39,4.44,160.5,barley
34,66,104,27.83,81.53,5.0,213.79,millet
150,8,4,15.66,21.13,4.04,131.47,rice
30,44,134,22.15,84.15,7.79,194.73,groundnut
112,49,11,16.36,40.17,8.09,234.3,sugarcane
12,59,118,40.31,85.16,6.01,140.92,cotton
72,72,89,17.78,86.61,6.06,52.98,groundnut
4,98,100,42.65,50.19,5.01,285.98,maize
101,14,144,25.54,84.41,8.08,90.76,rice
64,130,14,25.13,35.79,7.43,50.28,wheat
109,148,8,34.42,78.7,5.53,207.37,rice
83,1,98,29.67,58.75,7.48,58.44,cotton
77,83,54,20.16,62.48,5.87,231.73,groundnut
88,77,139,23.75,88.28,6.35,277.25,cotton
107,77,106,30.3,75.73,6.75,62.66,cotton
61,9,91,39.91,65.28,4.61,181.89,cotton
14,150,89,33.26,50.66,4.23,155.6,sugarcane
107,86,35,19.39,55.78,5.31,44.41,rice
100,6,93,26.29,60.96,7.82,40.13,millet
86,108,135,32.92,74.05,6.68,186.66,rice
39,148,46,44.49,84.02,8.37,209.63,barley
129,100,108,43.82,35.17,5.27,24.51,cotton
36,86,139,11.21,87.96,7.73,32.24,millet
106,33,49,25.53,61.07,8.12,138.08,cotton
20,138,55,20.67,26.3,7.7,146.57,wheat
31,116,50,23.95,14.25,8.84,71.4,cotton
3,123,47,24.53,76.55,5.79,197.21,wheat
27,25,43,26.41,69.76,5.88,231.44,cotton
144,89,86,40.99,45.61,5.88,145.57,wheat
111,23,125,36.07,48.66,5.7,171.65,millet
122,145,138,21.46,11.85,7.83,186.99,maize
61,144,7,39.04,85.54,5.5,245.69,barley
114,64,17,39.09,42.59,6.68,229.44,millet
107,15,135,40.36,60.68,8.04,269.97,maize
88,96,42,17.81,72.63,4.26,33.54,cotton
68,83,119,30.33,71.69,5.16,121.28,groundnut
25,119,28,42.39,24.48,7.88,270.1,barley
33,74,1,31.26,68.64,8.6,91.59,rice
8,64,38,20.11,52.23,5.55,49.59,cotton
105,18,20,12.25,73.27,8.76,203.62,maize
77,19,112,19.98,55.38,5.16,140.04,sugarcane
